last_updated,players
2025-06-09 16:00:33 UTC,"{'dg_id': 18417, 'driving_acc': 0.07, 'driving_dist': 6.742, 'player_name': 'Scheffler, Scottie', 'sg_app': 1.461, 'sg_arg': 0.329, 'sg_ott': 0.931, 'sg_putt': 0.402, 'sg_total': 3.123}"
2025-06-09 16:00:33 UTC,"{'dg_id': 19841, 'driving_acc': -0.009, 'driving_dist': 26.937, 'player_name': 'DeChambeau, Bryson', 'sg_app': 0.443, 'sg_arg': 0.278, 'sg_ott': 1.479, 'sg_putt': 0.285, 'sg_total': 2.486}"
2025-06-09 16:00:33 UTC,"{'dg_id': 19195, 'driving_acc': 0.033, 'driving_dist': 14.376, 'player_name': 'Rahm, Jon', 'sg_app': 0.624, 'sg_arg': 0.404, 'sg_ott': 1.007, 'sg_putt': 0.157, 'sg_total': 2.191}"
2025-06-09 16:00:33 UTC,"{'dg_id': 18079, 'driving_acc': -0.01, 'driving_dist': 17.199, 'player_name': 'Niemann, Joaquin', 'sg_app': 0.931, 'sg_arg': 0.086, 'sg_ott': 0.782, 'sg_putt': 0.123, 'sg_total': 1.922}"
2025-06-09 16:00:33 UTC,"{'dg_id': 12294, 'driving_acc': 0.06, 'driving_dist': -0.287, 'player_name': 'Fleetwood, Tommy', 'sg_app': 0.764, 'sg_arg': 0.321, 'sg_ott': 0.382, 'sg_putt': 0.191, 'sg_total': 1.659}"
2025-06-09 16:00:33 UTC,"{'dg_id': 22085, 'driving_acc': 0.105, 'driving_dist': -2.344, 'player_name': 'Morikawa, Collin', 'sg_app': 0.74, 'sg_arg': 0.131, 'sg_ott': 0.554, 'sg_putt': 0.219, 'sg_total': 1.644}"
2025-06-09 16:00:33 UTC,"{'dg_id': 14139, 'driving_acc': -0.029, 'driving_dist': 8.478, 'player_name': 'Thomas, Justin', 'sg_app': 0.662, 'sg_arg': 0.365, 'sg_ott': 0.23, 'sg_putt': 0.378, 'sg_total': 1.635}"
2025-06-09 16:00:33 UTC,"{'dg_id': 10091, 'driving_acc': -0.046, 'driving_dist': 20.345, 'player_name': 'McIlroy, Rory', 'sg_app': 0.453, 'sg_arg': 0.174, 'sg_ott': 0.636, 'sg_putt': 0.314, 'sg_total': 1.578}"
2025-06-09 16:00:33 UTC,"{'dg_id': 15466, 'driving_acc': 0.006, 'driving_dist': 7.098, 'player_name': 'Cantlay, Patrick', 'sg_app': 0.728, 'sg_arg': 0.09, 'sg_ott': 0.48, 'sg_putt': 0.217, 'sg_total': 1.515}"
2025-06-09 16:00:33 UTC,"{'dg_id': 19895, 'driving_acc': -0.037, 'driving_dist': 12.018, 'player_name': 'Schauffele, Xander', 'sg_app': 0.741, 'sg_arg': 0.179, 'sg_ott': 0.305, 'sg_putt': 0.239, 'sg_total': 1.464}"
2025-06-09 16:00:33 UTC,"{'dg_id': 17576, 'driving_acc': 0.089, 'driving_dist': -0.363, 'player_name': 'Conners, Corey', 'sg_app': 0.602, 'sg_arg': 0.021, 'sg_ott': 0.674, 'sg_putt': 0.146, 'sg_total': 1.443}"
2025-06-09 16:00:33 UTC,"{'dg_id': 17511, 'driving_acc': 0.084, 'driving_dist': -2.836, 'player_name': 'Straka, Sepp', 'sg_app': 0.792, 'sg_arg': -0.098, 'sg_ott': 0.451, 'sg_putt': 0.295, 'sg_total': 1.44}"
2025-06-09 16:00:33 UTC,"{'dg_id': 24968, 'driving_acc': 0.011, 'driving_dist': 2.296, 'player_name': 'Griffin, Ben', 'sg_app': 0.523, 'sg_arg': 0.204, 'sg_ott': 0.324, 'sg_putt': 0.347, 'sg_total': 1.398}"
2025-06-09 16:00:33 UTC,"{'dg_id': 23950, 'driving_acc': 0.005, 'driving_dist': 13.51, 'player_name': 'Aberg, Ludvig', 'sg_app': 0.438, 'sg_arg': 0.027, 'sg_ott': 0.695, 'sg_putt': 0.17, 'sg_total': 1.331}"
2025-06-09 16:00:33 UTC,"{'dg_id': 13872, 'driving_acc': 0.037, 'driving_dist': 5.878, 'player_name': 'Bradley, Keegan', 'sg_app': 0.668, 'sg_arg': 0.2, 'sg_ott': 0.494, 'sg_putt': -0.037, 'sg_total': 1.324}"
2025-06-09 16:00:33 UTC,"{'dg_id': 13900, 'driving_acc': 0.046, 'driving_dist': -1.44, 'player_name': 'Lowry, Shane', 'sg_app': 0.902, 'sg_arg': 0.174, 'sg_ott': 0.226, 'sg_putt': -0.001, 'sg_total': 1.301}"
2025-06-09 16:00:33 UTC,"{'dg_id': 14796, 'driving_acc': 0.016, 'driving_dist': 3.031, 'player_name': 'Hatton, Tyrrell', 'sg_app': 0.49, 'sg_arg': 0.257, 'sg_ott': 0.266, 'sg_putt': 0.214, 'sg_total': 1.228}"
2025-06-09 16:00:33 UTC,"{'dg_id': 14636, 'driving_acc': 0.018, 'driving_dist': 7.015, 'player_name': 'Spieth, Jordan', 'sg_app': 0.294, 'sg_arg': 0.224, 'sg_ott': 0.497, 'sg_putt': 0.201, 'sg_total': 1.216}"
2025-06-09 16:00:33 UTC,"{'dg_id': 19483, 'driving_acc': -0.006, 'driving_dist': 7.286, 'player_name': 'Burns, Sam', 'sg_app': 0.049, 'sg_arg': 0.172, 'sg_ott': 0.176, 'sg_putt': 0.818, 'sg_total': 1.215}"
2025-06-09 16:00:33 UTC,"{'dg_id': 14578, 'driving_acc': 0.084, 'driving_dist': -10.079, 'player_name': 'Henley, Russell', 'sg_app': 0.585, 'sg_arg': 0.301, 'sg_ott': 0.09, 'sg_putt': 0.22, 'sg_total': 1.197}"
2025-06-09 16:00:33 UTC,"{'dg_id': 17606, 'driving_acc': 0.085, 'driving_dist': -0.159, 'player_name': 'Berger, Daniel', 'sg_app': 0.566, 'sg_arg': 0.123, 'sg_ott': 0.558, 'sg_putt': -0.064, 'sg_total': 1.182}"
2025-06-09 16:00:33 UTC,"{'dg_id': 23323, 'driving_acc': 0.02, 'driving_dist': 2.723, 'player_name': 'MacIntyre, Robert', 'sg_app': 0.498, 'sg_arg': 0.095, 'sg_ott': 0.396, 'sg_putt': 0.176, 'sg_total': 1.164}"
2025-06-09 16:00:33 UTC,"{'dg_id': 18634, 'driving_acc': 0.011, 'driving_dist': 4.693, 'player_name': 'McNealy, Maverick', 'sg_app': 0.415, 'sg_arg': 0.134, 'sg_ott': 0.373, 'sg_putt': 0.233, 'sg_total': 1.154}"
2025-06-09 16:00:33 UTC,"{'dg_id': 13562, 'driving_acc': -0.014, 'driving_dist': 2.483, 'player_name': 'Matsuyama, Hideki', 'sg_app': 0.479, 'sg_arg': 0.381, 'sg_ott': 0.089, 'sg_putt': 0.182, 'sg_total': 1.132}"
2025-06-09 16:00:33 UTC,"{'dg_id': 17536, 'driving_acc': 0.034, 'driving_dist': 3.193, 'player_name': 'Spaun, J.J.', 'sg_app': 0.563, 'sg_arg': -0.023, 'sg_ott': 0.462, 'sg_putt': 0.099, 'sg_total': 1.102}"
2025-06-09 16:00:33 UTC,"{'dg_id': 14609, 'driving_acc': 0.065, 'driving_dist': -2.759, 'player_name': 'Kim, Si Woo', 'sg_app': 0.407, 'sg_arg': 0.256, 'sg_ott': 0.307, 'sg_putt': 0.123, 'sg_total': 1.094}"
2025-06-09 16:00:33 UTC,"{'dg_id': 17780, 'driving_acc': -0.006, 'driving_dist': 12.344, 'player_name': 'Pendrith, Taylor', 'sg_app': 0.505, 'sg_arg': -0.056, 'sg_ott': 0.612, 'sg_putt': -0.005, 'sg_total': 1.056}"
2025-06-09 16:00:33 UTC,"{'dg_id': 18841, 'driving_acc': 0.012, 'driving_dist': 6.398, 'player_name': 'Hovland, Viktor', 'sg_app': 0.664, 'sg_arg': -0.105, 'sg_ott': 0.331, 'sg_putt': 0.16, 'sg_total': 1.05}"
2025-06-09 16:00:33 UTC,"{'dg_id': 18554, 'driving_acc': 0.123, 'driving_dist': -9.892, 'player_name': 'Rai, Aaron', 'sg_app': 0.533, 'sg_arg': 0.113, 'sg_ott': 0.415, 'sg_putt': -0.016, 'sg_total': 1.046}"
2025-06-09 16:00:33 UTC,"{'dg_id': 14577, 'driving_acc': 0.037, 'driving_dist': 0.711, 'player_name': 'English, Harris', 'sg_app': 0.226, 'sg_arg': 0.137, 'sg_ott': 0.295, 'sg_putt': 0.375, 'sg_total': 1.033}"
2025-06-09 16:00:33 UTC,"{'dg_id': 14735, 'driving_acc': 0.008, 'driving_dist': 5.038, 'player_name': 'Ortiz, Carlos', 'sg_app': 0.314, 'sg_arg': 0.119, 'sg_ott': 0.431, 'sg_putt': 0.099, 'sg_total': 0.963}"
2025-06-09 16:00:33 UTC,"{'dg_id': 23475, 'driving_acc': 0.016, 'driving_dist': 1.08, 'player_name': 'Novak, Andrew', 'sg_app': 0.357, 'sg_arg': 0.181, 'sg_ott': 0.283, 'sg_putt': 0.141, 'sg_total': 0.962}"
2025-06-09 16:00:33 UTC,"{'dg_id': 26096, 'driving_acc': 0.03, 'driving_dist': -2.691, 'player_name': 'Bhatia, Akshay', 'sg_app': 0.497, 'sg_arg': -0.037, 'sg_ott': 0.121, 'sg_putt': 0.379, 'sg_total': 0.959}"
2025-06-09 16:00:33 UTC,"{'dg_id': 11676, 'driving_acc': -0.007, 'driving_dist': 6.691, 'player_name': 'Finau, Tony', 'sg_app': 0.503, 'sg_arg': 0.204, 'sg_ott': 0.262, 'sg_putt': -0.022, 'sg_total': 0.946}"
2025-06-09 16:00:33 UTC,"{'dg_id': 17488, 'driving_acc': 0.066, 'driving_dist': -2.136, 'player_name': 'Im, Sungjae', 'sg_app': -0.211, 'sg_arg': 0.492, 'sg_ott': 0.282, 'sg_putt': 0.357, 'sg_total': 0.92}"
2025-06-09 16:00:33 UTC,"{'dg_id': 27194, 'driving_acc': -0.005, 'driving_dist': 0.707, 'player_name': 'Hall, Harry', 'sg_app': 0.069, 'sg_arg': 0.234, 'sg_ott': -0.004, 'sg_putt': 0.612, 'sg_total': 0.911}"
2025-06-09 16:00:33 UTC,"{'dg_id': 17365, 'driving_acc': 0.001, 'driving_dist': 10.261, 'player_name': 'Mitchell, Keith', 'sg_app': 0.416, 'sg_arg': -0.028, 'sg_ott': 0.504, 'sg_putt': 0.009, 'sg_total': 0.9}"
2025-06-09 16:00:33 UTC,"{'dg_id': 17064, 'driving_acc': -0.011, 'driving_dist': 7.725, 'player_name': 'Herbert, Lucas', 'sg_app': -0.046, 'sg_arg': 0.101, 'sg_ott': 0.536, 'sg_putt': 0.283, 'sg_total': 0.874}"
2025-06-09 16:00:33 UTC,"{'dg_id': 20770, 'driving_acc': 0.071, 'driving_dist': -2.366, 'player_name': 'Munoz, Sebastian', 'sg_app': 0.467, 'sg_arg': -0.006, 'sg_ott': 0.439, 'sg_putt': -0.032, 'sg_total': 0.868}"
2025-06-09 16:00:33 UTC,"{'dg_id': 16841, 'driving_acc': -0.057, 'driving_dist': 15.85, 'player_name': 'Lee, Min Woo', 'sg_app': 0.082, 'sg_arg': 0.3, 'sg_ott': 0.273, 'sg_putt': 0.204, 'sg_total': 0.86}"
2025-06-09 16:00:33 UTC,"{'dg_id': 21554, 'driving_acc': 0.051, 'driving_dist': -5.394, 'player_name': 'Poston, J.T.', 'sg_app': 0.25, 'sg_arg': 0.191, 'sg_ott': 0.1, 'sg_putt': 0.299, 'sg_total': 0.84}"
2025-06-09 16:00:33 UTC,"{'dg_id': 29767, 'driving_acc': 0.025, 'driving_dist': 0.561, 'player_name': 'Gerard, Ryan', 'sg_app': 0.418, 'sg_arg': 0.132, 'sg_ott': 0.292, 'sg_putt': -0.009, 'sg_total': 0.832}"
2025-06-09 16:00:33 UTC,"{'dg_id': 18474, 'driving_acc': 0.024, 'driving_dist': 4.226, 'player_name': 'Smalley, Alex', 'sg_app': 0.262, 'sg_arg': 0.142, 'sg_ott': 0.353, 'sg_putt': 0.068, 'sg_total': 0.826}"
2025-06-09 16:00:33 UTC,"{'dg_id': 27364, 'driving_acc': 0.017, 'driving_dist': 5.071, 'player_name': 'Thompson, Davis', 'sg_app': 0.348, 'sg_arg': 0.158, 'sg_ott': 0.343, 'sg_putt': -0.051, 'sg_total': 0.799}"
2025-06-09 16:00:33 UTC,"{'dg_id': 14502, 'driving_acc': 0.022, 'driving_dist': -0.065, 'player_name': 'Cauley, Bud', 'sg_app': 0.39, 'sg_arg': 0.058, 'sg_ott': 0.254, 'sg_putt': 0.089, 'sg_total': 0.791}"
2025-06-09 16:00:33 UTC,"{'dg_id': 17881, 'driving_acc': 0.012, 'driving_dist': 9.493, 'player_name': 'Yu, Kevin', 'sg_app': 0.309, 'sg_arg': -0.042, 'sg_ott': 0.539, 'sg_putt': -0.015, 'sg_total': 0.791}"
2025-06-09 16:00:33 UTC,"{'dg_id': 26651, 'driving_acc': -0.047, 'driving_dist': 13.444, 'player_name': 'Young, Cameron', 'sg_app': 0.075, 'sg_arg': 0.057, 'sg_ott': 0.389, 'sg_putt': 0.261, 'sg_total': 0.782}"
2025-06-09 16:00:33 UTC,"{'dg_id': 17646, 'driving_acc': 0.011, 'driving_dist': 1.356, 'player_name': 'Fitzpatrick, Matt', 'sg_app': 0.223, 'sg_arg': 0.163, 'sg_ott': 0.135, 'sg_putt': 0.256, 'sg_total': 0.777}"
2025-06-09 16:00:33 UTC,"{'dg_id': 19870, 'driving_acc': 0.016, 'driving_dist': -4.526, 'player_name': 'McCarthy, Denny', 'sg_app': 0.121, 'sg_arg': 0.197, 'sg_ott': -0.159, 'sg_putt': 0.605, 'sg_total': 0.764}"
2025-06-09 16:00:33 UTC,"{'dg_id': 9771, 'driving_acc': -0.007, 'driving_dist': 0.896, 'player_name': 'Day, Jason', 'sg_app': 0.123, 'sg_arg': 0.249, 'sg_ott': 0.046, 'sg_putt': 0.343, 'sg_total': 0.761}"
2025-06-09 16:00:33 UTC,"{'dg_id': 28984, 'driving_acc': -0.049, 'driving_dist': 15.528, 'player_name': 'Puig, David', 'sg_app': -0.002, 'sg_arg': -0.122, 'sg_ott': 0.551, 'sg_putt': 0.321, 'sg_total': 0.748}"
2025-06-09 16:00:33 UTC,"{'dg_id': 11889, 'driving_acc': -0.039, 'driving_dist': 6.971, 'player_name': 'Fox, Ryan', 'sg_app': 0.431, 'sg_arg': 0.068, 'sg_ott': 0.2, 'sg_putt': 0.045, 'sg_total': 0.744}"
2025-06-09 16:00:33 UTC,"{'dg_id': 13126, 'driving_acc': 0.052, 'driving_dist': -7.254, 'player_name': 'Taylor, Nick', 'sg_app': 0.443, 'sg_arg': 0.142, 'sg_ott': 0.047, 'sg_putt': 0.11, 'sg_total': 0.741}"
2025-06-09 16:00:33 UTC,"{'dg_id': 6430, 'driving_acc': -0.016, 'driving_dist': 7.237, 'player_name': 'Scott, Adam', 'sg_app': 0.164, 'sg_arg': 0.181, 'sg_ott': 0.321, 'sg_putt': 0.059, 'sg_total': 0.725}"
2025-06-09 16:00:33 UTC,"{'dg_id': 10419, 'driving_acc': 0.022, 'driving_dist': -4.749, 'player_name': 'Noren, Alex', 'sg_app': 0.324, 'sg_arg': 0.225, 'sg_ott': 0.021, 'sg_putt': 0.142, 'sg_total': 0.713}"
2025-06-09 16:00:33 UTC,"{'dg_id': 13412, 'driving_acc': 0.015, 'driving_dist': 2.709, 'player_name': 'Olesen, Thorbjorn', 'sg_app': 0.225, 'sg_arg': 0.089, 'sg_ott': 0.193, 'sg_putt': 0.204, 'sg_total': 0.711}"
2025-06-09 16:00:33 UTC,"{'dg_id': 14838, 'driving_acc': 0.002, 'driving_dist': -4.795, 'player_name': 'Reed, Patrick', 'sg_app': 0.335, 'sg_arg': 0.307, 'sg_ott': -0.187, 'sg_putt': 0.247, 'sg_total': 0.702}"
2025-06-09 16:00:33 UTC,"{'dg_id': 23841, 'driving_acc': 0.023, 'driving_dist': 4.341, 'player_name': 'Neergaard-Petersen, Rasmus', 'sg_app': 0.346, 'sg_arg': 0.007, 'sg_ott': 0.425, 'sg_putt': -0.079, 'sg_total': 0.699}"
2025-06-09 16:00:33 UTC,"{'dg_id': 17543, 'driving_acc': -0.012, 'driving_dist': 1.566, 'player_name': 'Kim, Michael', 'sg_app': 0.321, 'sg_arg': 0.199, 'sg_ott': -0.002, 'sg_putt': 0.161, 'sg_total': 0.679}"
2025-06-09 16:00:33 UTC,"{'dg_id': 23465, 'driving_acc': -0.037, 'driving_dist': 8.208, 'player_name': 'Greyserman, Max', 'sg_app': 0.056, 'sg_arg': 0.091, 'sg_ott': 0.046, 'sg_putt': 0.477, 'sg_total': 0.669}"
2025-06-09 16:00:33 UTC,"{'dg_id': 23838, 'driving_acc': -0.055, 'driving_dist': 17.054, 'player_name': 'Hojgaard, Rasmus', 'sg_app': 0.227, 'sg_arg': 0.006, 'sg_ott': 0.412, 'sg_putt': 0.022, 'sg_total': 0.667}"
2025-06-09 16:00:33 UTC,"{'dg_id': 19428, 'driving_acc': 0.009, 'driving_dist': 4.963, 'player_name': 'Zalatoris, Will', 'sg_app': 0.511, 'sg_arg': 0.033, 'sg_ott': 0.345, 'sg_putt': -0.236, 'sg_total': 0.652}"
2025-06-09 16:00:33 UTC,"{'dg_id': 28309, 'driving_acc': -0.016, 'driving_dist': 11.017, 'player_name': 'Coody, Pierceson', 'sg_app': -0.027, 'sg_arg': -0.057, 'sg_ott': 0.481, 'sg_putt': 0.249, 'sg_total': 0.645}"
2025-06-09 16:00:33 UTC,"{'dg_id': 25569, 'driving_acc': -0.002, 'driving_dist': 4.59, 'player_name': 'Stevens, Sam', 'sg_app': 0.037, 'sg_arg': 0.23, 'sg_ott': 0.105, 'sg_putt': 0.272, 'sg_total': 0.644}"
2025-06-09 16:00:33 UTC,"{'dg_id': 15556, 'driving_acc': -0.025, 'driving_dist': 1.041, 'player_name': 'Hughes, Mackenzie', 'sg_app': 0.174, 'sg_arg': 0.279, 'sg_ott': -0.099, 'sg_putt': 0.282, 'sg_total': 0.637}"
2025-06-09 16:00:33 UTC,"{'dg_id': 28635, 'driving_acc': 0.05, 'driving_dist': -5.249, 'player_name': 'McCarty, Matt', 'sg_app': 0.113, 'sg_arg': 0.077, 'sg_ott': 0.151, 'sg_putt': 0.284, 'sg_total': 0.624}"
2025-06-09 16:00:33 UTC,"{'dg_id': 22760, 'driving_acc': 0.014, 'driving_dist': -2.608, 'player_name': 'Hisatsune, Ryo', 'sg_app': 0.242, 'sg_arg': 0.124, 'sg_ott': 0.063, 'sg_putt': 0.189, 'sg_total': 0.619}"
2025-06-09 16:00:33 UTC,"{'dg_id': 12965, 'driving_acc': 0.032, 'driving_dist': 2.032, 'player_name': 'Fowler, Rickie', 'sg_app': 0.178, 'sg_arg': -0.019, 'sg_ott': 0.299, 'sg_putt': 0.16, 'sg_total': 0.618}"
2025-06-09 16:00:33 UTC,"{'dg_id': 27774, 'driving_acc': -0.054, 'driving_dist': 16.071, 'player_name': 'Gotterup, Chris', 'sg_app': 0.082, 'sg_arg': 0.045, 'sg_ott': 0.538, 'sg_putt': -0.05, 'sg_total': 0.615}"
2025-06-09 16:00:33 UTC,"{'dg_id': 29433, 'driving_acc': -0.019, 'driving_dist': 0.611, 'player_name': 'Bridgeman, Jacob', 'sg_app': 0.115, 'sg_arg': 0.035, 'sg_ott': -0.002, 'sg_putt': 0.437, 'sg_total': 0.585}"
2025-06-09 16:00:33 UTC,"{'dg_id': 11276, 'driving_acc': 0.002, 'driving_dist': -0.166, 'player_name': 'Horschel, Billy', 'sg_app': 0.203, 'sg_arg': 0.109, 'sg_ott': 0.062, 'sg_putt': 0.202, 'sg_total': 0.577}"
2025-06-09 16:00:33 UTC,"{'dg_id': 20706, 'driving_acc': -0.013, 'driving_dist': 3.466, 'player_name': 'Wallace, Matt', 'sg_app': 0.06, 'sg_arg': 0.391, 'sg_ott': 0.101, 'sg_putt': -0.003, 'sg_total': 0.549}"
2025-06-09 16:00:33 UTC,"{'dg_id': 21891, 'driving_acc': -0.031, 'driving_dist': 10.97, 'player_name': 'Kitayama, Kurt', 'sg_app': 0.319, 'sg_arg': 0.137, 'sg_ott': 0.329, 'sg_putt': -0.242, 'sg_total': 0.542}"
2025-06-09 16:00:33 UTC,"{'dg_id': 18586, 'driving_acc': 0.054, 'driving_dist': 1.821, 'player_name': 'Smith, Jordan', 'sg_app': 0.136, 'sg_arg': -0.116, 'sg_ott': 0.529, 'sg_putt': -0.011, 'sg_total': 0.538}"
2025-06-09 16:00:33 UTC,"{'dg_id': 14459, 'driving_acc': -0.053, 'driving_dist': 11.206, 'player_name': 'An, Byeong Hun', 'sg_app': 0.14, 'sg_arg': 0.186, 'sg_ott': 0.259, 'sg_putt': -0.057, 'sg_total': 0.527}"
2025-06-09 16:00:33 UTC,"{'dg_id': 16394, 'driving_acc': -0.055, 'driving_dist': 6.79, 'player_name': 'Jaeger, Stephan', 'sg_app': 0.271, 'sg_arg': 0.178, 'sg_ott': -0.15, 'sg_putt': 0.206, 'sg_total': 0.506}"
2025-06-09 16:00:33 UTC,"{'dg_id': 21944, 'driving_acc': -0.024, 'driving_dist': 6.923, 'player_name': 'Moore, Taylor', 'sg_app': 0.016, 'sg_arg': 0.215, 'sg_ott': 0.171, 'sg_putt': 0.078, 'sg_total': 0.481}"
2025-06-09 16:00:33 UTC,"{'dg_id': 14424, 'driving_acc': -0.07, 'driving_dist': 17.312, 'player_name': 'Burmester, Dean', 'sg_app': 0.208, 'sg_arg': 0.045, 'sg_ott': 0.382, 'sg_putt': -0.156, 'sg_total': 0.479}"
2025-06-09 16:00:33 UTC,"{'dg_id': 18103, 'driving_acc': 0.035, 'driving_dist': -9.229, 'player_name': 'Bezuidenhout, Christiaan', 'sg_app': 0.091, 'sg_arg': 0.234, 'sg_ott': -0.184, 'sg_putt': 0.332, 'sg_total': 0.473}"
2025-06-09 16:00:33 UTC,"{'dg_id': 14181, 'driving_acc': -0.029, 'driving_dist': 6.051, 'player_name': 'Detry, Thomas', 'sg_app': -0.018, 'sg_arg': 0.059, 'sg_ott': 0.122, 'sg_putt': 0.307, 'sg_total': 0.469}"
2025-06-09 16:00:33 UTC,"{'dg_id': 23504, 'driving_acc': 0.052, 'driving_dist': 4.762, 'player_name': 'Hoey, Rico', 'sg_app': 0.238, 'sg_arg': -0.037, 'sg_ott': 0.586, 'sg_putt': -0.323, 'sg_total': 0.464}"
2025-06-09 16:00:33 UTC,"{'dg_id': 15575, 'driving_acc': 0.01, 'driving_dist': -4.757, 'player_name': 'Hoge, Tom', 'sg_app': 0.481, 'sg_arg': 0.061, 'sg_ott': -0.221, 'sg_putt': 0.142, 'sg_total': 0.463}"
2025-06-09 16:00:33 UTC,"{'dg_id': 25157, 'driving_acc': 0.047, 'driving_dist': -1.181, 'player_name': 'Hodges, Lee', 'sg_app': 0.349, 'sg_arg': -0.057, 'sg_ott': 0.224, 'sg_putt': -0.055, 'sg_total': 0.462}"
2025-06-09 16:00:33 UTC,"{'dg_id': 23604, 'driving_acc': -0.043, 'driving_dist': 12.298, 'player_name': 'Clark, Wyndham', 'sg_app': -0.171, 'sg_arg': 0.192, 'sg_ott': 0.232, 'sg_putt': 0.208, 'sg_total': 0.46}"
2025-06-09 16:00:33 UTC,"{'dg_id': 20722, 'driving_acc': -0.027, 'driving_dist': 10.346, 'player_name': 'Schmid, Matti', 'sg_app': 0.189, 'sg_arg': -0.194, 'sg_ott': 0.301, 'sg_putt': 0.159, 'sg_total': 0.455}"
2025-06-09 16:00:33 UTC,"{'dg_id': 15856, 'driving_acc': -0.069, 'driving_dist': 0.675, 'player_name': 'Smith, Cameron', 'sg_app': -0.185, 'sg_arg': 0.443, 'sg_ott': -0.377, 'sg_putt': 0.564, 'sg_total': 0.445}"
2025-06-09 16:00:33 UTC,"{'dg_id': 25908, 'driving_acc': -0.052, 'driving_dist': 5.879, 'player_name': 'Whaley, Vince', 'sg_app': -0.006, 'sg_arg': 0.101, 'sg_ott': 0.056, 'sg_putt': 0.292, 'sg_total': 0.443}"
2025-06-09 16:00:33 UTC,"{'dg_id': 26649, 'driving_acc': -0.017, 'driving_dist': 13.428, 'player_name': 'Thorbjornsen, Michael', 'sg_app': 0.11, 'sg_arg': -0.112, 'sg_ott': 0.489, 'sg_putt': -0.052, 'sg_total': 0.435}"
2025-06-09 16:00:33 UTC,"{'dg_id': 18580, 'driving_acc': 0.055, 'driving_dist': -4.264, 'player_name': 'Gooch, Talor', 'sg_app': 0.227, 'sg_arg': 0.081, 'sg_ott': 0.039, 'sg_putt': 0.078, 'sg_total': 0.424}"
2025-06-09 16:00:33 UTC,"{'dg_id': 32330, 'driving_acc': 0.008, 'driving_dist': 9.001, 'player_name': 'Clanton, Luke', 'sg_app': 0.168, 'sg_arg': -0.19, 'sg_ott': 0.477, 'sg_putt': -0.032, 'sg_total': 0.422}"
2025-06-09 16:00:33 UTC,"{'dg_id': 22322, 'driving_acc': 0.021, 'driving_dist': 7.841, 'player_name': 'McKibbin, Tom', 'sg_app': -0.206, 'sg_arg': 0.019, 'sg_ott': 0.599, 'sg_putt': 0.004, 'sg_total': 0.416}"
2025-06-09 16:00:33 UTC,"{'dg_id': 23602, 'driving_acc': -0.059, 'driving_dist': 13.942, 'player_name': 'Hojgaard, Nicolai', 'sg_app': 0.297, 'sg_arg': -0.138, 'sg_ott': 0.237, 'sg_putt': 0.02, 'sg_total': 0.416}"
2025-06-09 16:00:33 UTC,"{'dg_id': 12808, 'driving_acc': 0.056, 'driving_dist': -3.339, 'player_name': 'Grillo, Emiliano', 'sg_app': 0.48, 'sg_arg': -0.27, 'sg_ott': 0.228, 'sg_putt': -0.024, 'sg_total': 0.415}"
2025-06-09 16:00:33 UTC,"{'dg_id': 23505, 'driving_acc': 0.058, 'driving_dist': -3.388, 'player_name': 'McGreevy, Max', 'sg_app': 0.264, 'sg_arg': -0.025, 'sg_ott': 0.311, 'sg_putt': -0.138, 'sg_total': 0.412}"
2025-06-09 16:00:33 UTC,"{'dg_id': 16333, 'driving_acc': 0.043, 'driving_dist': -3.124, 'player_name': 'Hubbard, Mark', 'sg_app': 0.196, 'sg_arg': -0.025, 'sg_ott': 0.212, 'sg_putt': 0.024, 'sg_total': 0.407}"
2025-06-09 16:00:33 UTC,"{'dg_id': 21646, 'driving_acc': 0.077, 'driving_dist': -3.316, 'player_name': 'Ferguson, Ewen', 'sg_app': 0.09, 'sg_arg': -0.037, 'sg_ott': 0.387, 'sg_putt': -0.038, 'sg_total': 0.402}"
2025-06-09 16:00:33 UTC,"{'dg_id': 21756, 'driving_acc': -0.016, 'driving_dist': -1.69, 'player_name': 'Cole, Eric', 'sg_app': 0.239, 'sg_arg': 0.184, 'sg_ott': -0.226, 'sg_putt': 0.199, 'sg_total': 0.396}"
2025-06-09 16:00:33 UTC,"{'dg_id': 26850, 'driving_acc': -0.031, 'driving_dist': 15.038, 'player_name': 'Svensson, Jesper', 'sg_app': -0.21, 'sg_arg': 0.018, 'sg_ott': 0.518, 'sg_putt': 0.069, 'sg_total': 0.394}"
2025-06-09 16:00:33 UTC,"{'dg_id': 13944, 'driving_acc': -0.037, 'driving_dist': 5.205, 'player_name': 'Pieters, Thomas', 'sg_app': 0.11, 'sg_arg': 0.016, 'sg_ott': 0.14, 'sg_putt': 0.125, 'sg_total': 0.391}"
2025-06-09 16:00:33 UTC,"{'dg_id': 24550, 'driving_acc': 0.039, 'driving_dist': -0.845, 'player_name': 'Ghim, Doug', 'sg_app': 0.418, 'sg_arg': -0.01, 'sg_ott': 0.295, 'sg_putt': -0.316, 'sg_total': 0.387}"
2025-06-09 16:00:33 UTC,"{'dg_id': 8825, 'driving_acc': 0.05, 'driving_dist': -7.486, 'player_name': 'Harman, Brian', 'sg_app': 0.066, 'sg_arg': 0.12, 'sg_ott': -0.044, 'sg_putt': 0.232, 'sg_total': 0.374}"
2025-06-09 16:00:33 UTC,"{'dg_id': 20730, 'driving_acc': 0.03, 'driving_dist': 0.502, 'player_name': 'Perez, Victor', 'sg_app': 0.203, 'sg_arg': -0.197, 'sg_ott': 0.247, 'sg_putt': 0.098, 'sg_total': 0.351}"
2025-06-09 16:00:33 UTC,"{'dg_id': 16243, 'driving_acc': -0.015, 'driving_dist': 6.313, 'player_name': 'Koepka, Brooks', 'sg_app': 0.24, 'sg_arg': -0.077, 'sg_ott': 0.271, 'sg_putt': -0.093, 'sg_total': 0.34}"
2025-06-09 16:00:33 UTC,"{'dg_id': 16283, 'driving_acc': -0.024, 'driving_dist': 4.418, 'player_name': 'Rodgers, Patrick', 'sg_app': -0.125, 'sg_arg': 0.192, 'sg_ott': -0.028, 'sg_putt': 0.298, 'sg_total': 0.337}"
2025-06-09 16:00:33 UTC,"{'dg_id': 7399, 'driving_acc': 0.083, 'driving_dist': -9.473, 'player_name': 'Glover, Lucas', 'sg_app': 0.361, 'sg_arg': 0.084, 'sg_ott': 0.05, 'sg_putt': -0.162, 'sg_total': 0.332}"
2025-06-09 16:00:33 UTC,"{'dg_id': 14704, 'driving_acc': 0.084, 'driving_dist': -20.668, 'player_name': 'Putnam, Andrew', 'sg_app': 0.227, 'sg_arg': 0.32, 'sg_ott': -0.492, 'sg_putt': 0.254, 'sg_total': 0.309}"
2025-06-09 16:00:33 UTC,"{'dg_id': 17550, 'driving_acc': -0.003, 'driving_dist': 5.007, 'player_name': 'Van Rooyen, Erik', 'sg_app': 0.049, 'sg_arg': -0.014, 'sg_ott': 0.223, 'sg_putt': 0.035, 'sg_total': 0.293}"
2025-06-09 16:00:33 UTC,"{'dg_id': 19396, 'driving_acc': -0.062, 'driving_dist': 10.647, 'player_name': 'Knapp, Jake', 'sg_app': 0.044, 'sg_arg': 0.007, 'sg_ott': 0.079, 'sg_putt': 0.162, 'sg_total': 0.292}"
2025-06-09 16:00:33 UTC,"{'dg_id': 23014, 'driving_acc': -0.038, 'driving_dist': 4.621, 'player_name': 'Theegala, Sahith', 'sg_app': 0.162, 'sg_arg': 0.107, 'sg_ott': -0.106, 'sg_putt': 0.119, 'sg_total': 0.282}"
2025-06-09 16:00:33 UTC,"{'dg_id': 15676, 'driving_acc': -0.061, 'driving_dist': 19.666, 'player_name': 'Norgaard, Niklas', 'sg_app': -0.126, 'sg_arg': -0.252, 'sg_ott': 0.531, 'sg_putt': 0.127, 'sg_total': 0.281}"
2025-06-09 16:00:33 UTC,"{'dg_id': 7108, 'driving_acc': 0.048, 'driving_dist': -0.227, 'player_name': 'Casey, Paul', 'sg_app': 0.306, 'sg_arg': 0.038, 'sg_ott': 0.173, 'sg_putt': -0.241, 'sg_total': 0.276}"
2025-06-09 16:00:33 UTC,"{'dg_id': 15310, 'driving_acc': -0.034, 'driving_dist': 9.411, 'player_name': 'Li, Haotong', 'sg_app': 0.371, 'sg_arg': -0.295, 'sg_ott': 0.193, 'sg_putt': 0.007, 'sg_total': 0.275}"
2025-06-09 16:00:33 UTC,"{'dg_id': 5689, 'driving_acc': 0.053, 'driving_dist': 1.508, 'player_name': 'Garcia, Sergio', 'sg_app': -0.089, 'sg_arg': -0.021, 'sg_ott': 0.4, 'sg_putt': -0.019, 'sg_total': 0.271}"
2025-06-09 16:00:33 UTC,"{'dg_id': 24766, 'driving_acc': 0.018, 'driving_dist': -0.381, 'player_name': 'Kim, Tom', 'sg_app': 0.148, 'sg_arg': 0.12, 'sg_ott': -0.069, 'sg_putt': 0.069, 'sg_total': 0.267}"
2025-06-09 16:00:33 UTC,"{'dg_id': 7649, 'driving_acc': -0.019, 'driving_dist': -1.868, 'player_name': 'Leishman, Marc', 'sg_app': 0.343, 'sg_arg': 0.139, 'sg_ott': -0.227, 'sg_putt': 0.007, 'sg_total': 0.262}"
2025-06-09 16:00:33 UTC,"{'dg_id': 18424, 'driving_acc': 0.013, 'driving_dist': 3.743, 'player_name': 'Roy, Kevin', 'sg_app': 0.15, 'sg_arg': -0.027, 'sg_ott': 0.241, 'sg_putt': -0.105, 'sg_total': 0.26}"
2025-06-09 16:00:33 UTC,"{'dg_id': 26745, 'driving_acc': -0.029, 'driving_dist': 5.869, 'player_name': 'Chacarra, Eugenio', 'sg_app': 0.065, 'sg_arg': -0.028, 'sg_ott': 0.218, 'sg_putt': 0.004, 'sg_total': 0.259}"
2025-06-09 16:00:33 UTC,"{'dg_id': 22465, 'driving_acc': -0.037, 'driving_dist': 18.672, 'player_name': 'Penge, Marco', 'sg_app': -0.164, 'sg_arg': -0.248, 'sg_ott': 0.688, 'sg_putt': -0.023, 'sg_total': 0.253}"
2025-06-09 16:00:33 UTC,"{'dg_id': 21074, 'driving_acc': 0.03, 'driving_dist': -0.721, 'player_name': 'Nakajima, Keita', 'sg_app': 0.091, 'sg_arg': -0.052, 'sg_ott': 0.24, 'sg_putt': -0.028, 'sg_total': 0.25}"
2025-06-09 16:00:33 UTC,"{'dg_id': 13508, 'driving_acc': -0.034, 'driving_dist': 11.381, 'player_name': 'Vegas, Jhonattan', 'sg_app': 0.163, 'sg_arg': -0.062, 'sg_ott': 0.36, 'sg_putt': -0.211, 'sg_total': 0.25}"
2025-06-09 16:00:33 UTC,"{'dg_id': 27819, 'driving_acc': 0.003, 'driving_dist': 7.278, 'player_name': 'Castillo, Ricky', 'sg_app': 0.149, 'sg_arg': -0.028, 'sg_ott': 0.322, 'sg_putt': -0.197, 'sg_total': 0.246}"
2025-06-09 16:00:33 UTC,"{'dg_id': 14013, 'driving_acc': 0.012, 'driving_dist': -2.609, 'player_name': 'Tringale, Cameron', 'sg_app': 0.192, 'sg_arg': 0.085, 'sg_ott': -0.17, 'sg_putt': 0.134, 'sg_total': 0.242}"
2025-06-09 16:00:33 UTC,"{'dg_id': 7334, 'driving_acc': 0.018, 'driving_dist': 7.36, 'player_name': 'Watson, Bubba', 'sg_app': -0.276, 'sg_arg': -0.149, 'sg_ott': 0.488, 'sg_putt': 0.176, 'sg_total': 0.239}"
2025-06-09 16:00:33 UTC,"{'dg_id': 26991, 'driving_acc': 0.056, 'driving_dist': -4.235, 'player_name': 'Schaper, Jayden', 'sg_app': -0.098, 'sg_arg': 0.037, 'sg_ott': 0.196, 'sg_putt': 0.102, 'sg_total': 0.237}"
2025-06-09 16:00:33 UTC,"{'dg_id': 18770, 'driving_acc': -0.007, 'driving_dist': 5.805, 'player_name': 'Rozner, Antoine', 'sg_app': 0.378, 'sg_arg': -0.138, 'sg_ott': 0.17, 'sg_putt': -0.185, 'sg_total': 0.225}"
2025-06-09 16:00:33 UTC,"{'dg_id': 12423, 'driving_acc': 0.027, 'driving_dist': -2.861, 'player_name': 'Kirk, Chris', 'sg_app': 0.327, 'sg_arg': 0.041, 'sg_ott': 0.142, 'sg_putt': -0.286, 'sg_total': 0.225}"
2025-06-09 16:00:33 UTC,"{'dg_id': 18238, 'driving_acc': 0.085, 'driving_dist': -6.948, 'player_name': 'Ancer, Abraham', 'sg_app': 0.046, 'sg_arg': -0.15, 'sg_ott': 0.289, 'sg_putt': 0.039, 'sg_total': 0.225}"
2025-06-09 16:00:33 UTC,"{'dg_id': 26657, 'driving_acc': 0.004, 'driving_dist': 7.222, 'player_name': 'Fisk, Steven', 'sg_app': 0.21, 'sg_arg': -0.044, 'sg_ott': 0.33, 'sg_putt': -0.28, 'sg_total': 0.216}"
2025-06-09 16:00:33 UTC,"{'dg_id': 12577, 'driving_acc': -0.017, 'driving_dist': 9.852, 'player_name': 'Woodland, Gary', 'sg_app': 0.175, 'sg_arg': -0.252, 'sg_ott': 0.236, 'sg_putt': 0.054, 'sg_total': 0.213}"
2025-06-09 16:00:33 UTC,"{'dg_id': 21688, 'driving_acc': -0.01, 'driving_dist': 3.511, 'player_name': 'Kim, S.H.', 'sg_app': -0.342, 'sg_arg': 0.091, 'sg_ott': 0.127, 'sg_putt': 0.333, 'sg_total': 0.21}"
2025-06-09 16:00:33 UTC,"{'dg_id': 11657, 'driving_acc': 0.05, 'driving_dist': -6.742, 'player_name': 'Norlander, Henrik', 'sg_app': 0.459, 'sg_arg': -0.128, 'sg_ott': -0.01, 'sg_putt': -0.114, 'sg_total': 0.206}"
2025-06-09 16:00:33 UTC,"{'dg_id': 16715, 'driving_acc': 0.026, 'driving_dist': -5.603, 'player_name': 'Ryder, Sam', 'sg_app': 0.097, 'sg_arg': -0.095, 'sg_ott': -0.041, 'sg_putt': 0.239, 'sg_total': 0.2}"
2025-06-09 16:00:33 UTC,"{'dg_id': 22833, 'driving_acc': 0.028, 'driving_dist': -4.173, 'player_name': 'Echavarria, Nico', 'sg_app': 0.085, 'sg_arg': -0.183, 'sg_ott': 0.013, 'sg_putt': 0.282, 'sg_total': 0.198}"
2025-06-09 16:00:33 UTC,"{'dg_id': 10104, 'driving_acc': 0.03, 'driving_dist': -2.153, 'player_name': 'Power, Seamus', 'sg_app': 0.097, 'sg_arg': 0.071, 'sg_ott': 0.024, 'sg_putt': 0.004, 'sg_total': 0.197}"
2025-06-09 16:00:33 UTC,"{'dg_id': 26653, 'driving_acc': 0.044, 'driving_dist': 0.674, 'player_name': 'Eckroat, Austin', 'sg_app': 0.138, 'sg_arg': -0.252, 'sg_ott': 0.364, 'sg_putt': -0.064, 'sg_total': 0.187}"
2025-06-09 16:00:33 UTC,"{'dg_id': 7672, 'driving_acc': 0.063, 'driving_dist': -8.167, 'player_name': 'Oosthuizen, Louis', 'sg_app': 0.093, 'sg_arg': 0.004, 'sg_ott': 0.008, 'sg_putt': 0.078, 'sg_total': 0.183}"
2025-06-09 16:00:33 UTC,"{'dg_id': 25601, 'driving_acc': -0.006, 'driving_dist': 1.135, 'player_name': 'Jordan, Matthew', 'sg_app': 0.076, 'sg_arg': 0.035, 'sg_ott': 0.059, 'sg_putt': 0.01, 'sg_total': 0.181}"
2025-06-09 16:00:33 UTC,"{'dg_id': 7398, 'driving_acc': -0.014, 'driving_dist': -3.125, 'player_name': 'Schwartzel, Charl', 'sg_app': 0.139, 'sg_arg': 0.095, 'sg_ott': -0.294, 'sg_putt': 0.24, 'sg_total': 0.18}"
2025-06-09 16:00:33 UTC,"{'dg_id': 19729, 'driving_acc': 0.091, 'driving_dist': -10.706, 'player_name': 'Kanaya, Takumi', 'sg_app': -0.182, 'sg_arg': 0.062, 'sg_ott': 0.197, 'sg_putt': 0.081, 'sg_total': 0.158}"
2025-06-09 16:00:33 UTC,"{'dg_id': 27183, 'driving_acc': 0.002, 'driving_dist': 9.005, 'player_name': 'Salinda, Isaiah', 'sg_app': -0.08, 'sg_arg': -0.036, 'sg_ott': 0.374, 'sg_putt': -0.106, 'sg_total': 0.153}"
2025-06-09 16:00:33 UTC,"{'dg_id': 19872, 'driving_acc': -0.045, 'driving_dist': 5.576, 'player_name': 'Riley, Davis', 'sg_app': -0.174, 'sg_arg': 0.14, 'sg_ott': -0.12, 'sg_putt': 0.301, 'sg_total': 0.147}"
2025-06-09 16:00:33 UTC,"{'dg_id': 21407, 'driving_acc': -0.021, 'driving_dist': 10.326, 'player_name': 'Reitan, Kristoffer', 'sg_app': -0.44, 'sg_arg': -0.122, 'sg_ott': 0.382, 'sg_putt': 0.321, 'sg_total': 0.141}"
2025-06-09 16:00:33 UTC,"{'dg_id': 14987, 'driving_acc': 0.056, 'driving_dist': -6.013, 'player_name': 'Laporta, Francesco', 'sg_app': 0.151, 'sg_arg': 0.015, 'sg_ott': 0.173, 'sg_putt': -0.213, 'sg_total': 0.126}"
2025-06-09 16:00:33 UTC,"{'dg_id': 10158, 'driving_acc': 0.065, 'driving_dist': -4.374, 'player_name': 'Luiten, Joost', 'sg_app': 0.156, 'sg_arg': -0.215, 'sg_ott': 0.34, 'sg_putt': -0.158, 'sg_total': 0.123}"
2025-06-09 16:00:33 UTC,"{'dg_id': 22985, 'driving_acc': 0.033, 'driving_dist': 0.237, 'player_name': 'Smotherman, Austin', 'sg_app': 0.198, 'sg_arg': -0.116, 'sg_ott': 0.268, 'sg_putt': -0.229, 'sg_total': 0.121}"
2025-06-09 16:00:33 UTC,"{'dg_id': 12669, 'driving_acc': 0.034, 'driving_dist': -4.925, 'player_name': 'Lahiri, Anirban', 'sg_app': 0.053, 'sg_arg': 0.104, 'sg_ott': 0.028, 'sg_putt': -0.069, 'sg_total': 0.116}"
2025-06-09 16:00:33 UTC,"{'dg_id': 14795, 'driving_acc': 0.035, 'driving_dist': 3.548, 'player_name': 'Canter, Laurie', 'sg_app': 0.103, 'sg_arg': -0.151, 'sg_ott': 0.508, 'sg_putt': -0.347, 'sg_total': 0.113}"
2025-06-09 16:00:33 UTC,"{'dg_id': 25094, 'driving_acc': -0.015, 'driving_dist': 5.679, 'player_name': 'Fishburn, Patrick', 'sg_app': 0.029, 'sg_arg': -0.125, 'sg_ott': 0.315, 'sg_putt': -0.113, 'sg_total': 0.106}"
2025-06-09 16:00:33 UTC,"{'dg_id': 17538, 'driving_acc': -0.021, 'driving_dist': 3.539, 'player_name': 'Homa, Max', 'sg_app': -0.197, 'sg_arg': 0.048, 'sg_ott': -0.002, 'sg_putt': 0.236, 'sg_total': 0.085}"
2025-06-09 16:00:33 UTC,"{'dg_id': 28615, 'driving_acc': -0.009, 'driving_dist': 5.307, 'player_name': 'Bairstow, Sam', 'sg_app': -0.074, 'sg_arg': -0.145, 'sg_ott': 0.223, 'sg_putt': 0.077, 'sg_total': 0.081}"
2025-06-09 16:00:33 UTC,"{'dg_id': 15470, 'driving_acc': -0.053, 'driving_dist': 1.634, 'player_name': 'Hossler, Beau', 'sg_app': -0.167, 'sg_arg': 0.363, 'sg_ott': -0.358, 'sg_putt': 0.238, 'sg_total': 0.076}"
2025-06-09 16:00:33 UTC,"{'dg_id': 16602, 'driving_acc': 0.002, 'driving_dist': 5.845, 'player_name': 'Varner III, Harold', 'sg_app': 0.156, 'sg_arg': 0.009, 'sg_ott': 0.327, 'sg_putt': -0.416, 'sg_total': 0.076}"
2025-06-09 16:00:33 UTC,"{'dg_id': 6169, 'driving_acc': 0.046, 'driving_dist': -13.999, 'player_name': 'Kuchar, Matt', 'sg_app': 0.029, 'sg_arg': 0.223, 'sg_ott': -0.341, 'sg_putt': 0.144, 'sg_total': 0.055}"
2025-06-09 16:00:33 UTC,"{'dg_id': 28469, 'driving_acc': 0.002, 'driving_dist': -0.155, 'player_name': 'Highsmith, Joe', 'sg_app': -0.126, 'sg_arg': 0.019, 'sg_ott': -0.027, 'sg_putt': 0.184, 'sg_total': 0.05}"
2025-06-09 16:00:33 UTC,"{'dg_id': 12422, 'driving_acc': -0.005, 'driving_dist': 7.667, 'player_name': 'Johnson, Dustin', 'sg_app': 0.029, 'sg_arg': -0.12, 'sg_ott': 0.318, 'sg_putt': -0.183, 'sg_total': 0.043}"
2025-06-09 16:00:33 UTC,"{'dg_id': 14698, 'driving_acc': -0.043, 'driving_dist': 12.003, 'player_name': 'Bramlett, Joseph', 'sg_app': 0.18, 'sg_arg': 0.039, 'sg_ott': 0.287, 'sg_putt': -0.464, 'sg_total': 0.042}"
2025-06-09 16:00:33 UTC,"{'dg_id': 17786, 'driving_acc': -0.043, 'driving_dist': 5.191, 'player_name': 'Davis, Cam', 'sg_app': -0.05, 'sg_arg': 0.116, 'sg_ott': -0.03, 'sg_putt': 0.006, 'sg_total': 0.042}"
2025-06-09 16:00:33 UTC,"{'dg_id': 14509, 'driving_acc': 0.069, 'driving_dist': -5.495, 'player_name': 'Dahmen, Joel', 'sg_app': 0.336, 'sg_arg': -0.106, 'sg_ott': 0.18, 'sg_putt': -0.381, 'sg_total': 0.029}"
2025-06-09 16:00:33 UTC,"{'dg_id': 23482, 'driving_acc': 0.034, 'driving_dist': -7.378, 'player_name': 'Sigg, Greyson', 'sg_app': 0.201, 'sg_arg': 0.086, 'sg_ott': -0.042, 'sg_putt': -0.232, 'sg_total': 0.013}"
2025-06-09 16:00:33 UTC,"{'dg_id': 14655, 'driving_acc': -0.008, 'driving_dist': 5.745, 'player_name': 'Murray, Grayson', 'sg_app': 0.035, 'sg_arg': -0.056, 'sg_ott': 0.149, 'sg_putt': -0.117, 'sg_total': 0.011}"
2025-06-09 16:00:33 UTC,"{'dg_id': 23656, 'driving_acc': 0.075, 'driving_dist': -5.988, 'player_name': 'Young, Carson', 'sg_app': -0.006, 'sg_arg': -0.227, 'sg_ott': 0.204, 'sg_putt': 0.03, 'sg_total': 0.001}"
2025-06-09 16:00:33 UTC,"{'dg_id': 18761, 'driving_acc': -0.052, 'driving_dist': 11.912, 'player_name': 'Mullinax, Trey', 'sg_app': -0.111, 'sg_arg': -0.104, 'sg_ott': 0.288, 'sg_putt': -0.072, 'sg_total': -0.0}"
2025-06-09 16:00:33 UTC,"{'dg_id': 6516, 'driving_acc': 0.059, 'driving_dist': -12.174, 'player_name': 'Bland, Richard', 'sg_app': 0.312, 'sg_arg': 0.025, 'sg_ott': -0.238, 'sg_putt': -0.1, 'sg_total': -0.001}"
2025-06-09 16:00:33 UTC,"{'dg_id': 11460, 'driving_acc': 0.01, 'driving_dist': -12.502, 'player_name': 'Manassero, Matteo', 'sg_app': 0.183, 'sg_arg': 0.263, 'sg_ott': -0.56, 'sg_putt': 0.108, 'sg_total': -0.006}"
2025-06-09 16:00:33 UTC,"{'dg_id': 27996, 'driving_acc': -0.023, 'driving_dist': 0.519, 'player_name': 'Cummins, Quade', 'sg_app': -0.114, 'sg_arg': -0.077, 'sg_ott': 0.007, 'sg_putt': 0.17, 'sg_total': -0.014}"
2025-06-09 16:00:33 UTC,"{'dg_id': 22002, 'driving_acc': -0.042, 'driving_dist': 4.96, 'player_name': 'Dumont De Chassart, Adrien', 'sg_app': -0.15, 'sg_arg': -0.027, 'sg_ott': 0.009, 'sg_putt': 0.145, 'sg_total': -0.022}"
2025-06-09 16:00:33 UTC,"{'dg_id': 11049, 'driving_acc': -0.004, 'driving_dist': -1.051, 'player_name': 'Simpson, Webb', 'sg_app': -0.037, 'sg_arg': 0.296, 'sg_ott': -0.23, 'sg_putt': -0.064, 'sg_total': -0.036}"
2025-06-09 16:00:33 UTC,"{'dg_id': 17032, 'driving_acc': -0.049, 'driving_dist': 12.298, 'player_name': 'Tosti, Alejandro', 'sg_app': -0.035, 'sg_arg': 0.036, 'sg_ott': 0.274, 'sg_putt': -0.312, 'sg_total': -0.037}"
2025-06-09 16:00:33 UTC,"{'dg_id': 23816, 'driving_acc': -0.004, 'driving_dist': -1.961, 'player_name': 'Valimaki, Sami', 'sg_app': -0.029, 'sg_arg': -0.069, 'sg_ott': -0.288, 'sg_putt': 0.343, 'sg_total': -0.043}"
2025-06-09 16:00:33 UTC,"{'dg_id': 15475, 'driving_acc': 0.042, 'driving_dist': -6.635, 'player_name': 'Pan, C.T.', 'sg_app': -0.041, 'sg_arg': 0.186, 'sg_ott': -0.082, 'sg_putt': -0.107, 'sg_total': -0.044}"
2025-06-09 16:00:33 UTC,"{'dg_id': 6892, 'driving_acc': -0.017, 'driving_dist': 0.693, 'player_name': 'Howell III, Charles', 'sg_app': 0.066, 'sg_arg': 0.146, 'sg_ott': -0.066, 'sg_putt': -0.209, 'sg_total': -0.063}"
2025-06-09 16:00:33 UTC,"{'dg_id': 30445, 'driving_acc': -0.013, 'driving_dist': 11.129, 'player_name': 'Ayora, Angel', 'sg_app': -0.166, 'sg_arg': -0.07, 'sg_ott': 0.397, 'sg_putt': -0.225, 'sg_total': -0.064}"
2025-06-09 16:00:33 UTC,"{'dg_id': 13997, 'driving_acc': 0.045, 'driving_dist': -6.807, 'player_name': 'Svensson, Adam', 'sg_app': 0.133, 'sg_arg': 0.091, 'sg_ott': -0.023, 'sg_putt': -0.266, 'sg_total': -0.065}"
2025-06-09 16:00:33 UTC,"{'dg_id': 13764, 'driving_acc': 0.027, 'driving_dist': -8.288, 'player_name': 'Parry, John', 'sg_app': 0.269, 'sg_arg': 0.009, 'sg_ott': -0.102, 'sg_putt': -0.242, 'sg_total': -0.066}"
2025-06-09 16:00:33 UTC,"{'dg_id': 24342, 'driving_acc': -0.048, 'driving_dist': 7.591, 'player_name': 'Higgo, Garrick', 'sg_app': -0.192, 'sg_arg': -0.053, 'sg_ott': 0.057, 'sg_putt': 0.11, 'sg_total': -0.078}"
2025-06-09 16:00:33 UTC,"{'dg_id': 23733, 'driving_acc': 0.023, 'driving_dist': 2.34, 'player_name': 'Lacroix, Frederic', 'sg_app': 0.035, 'sg_arg': -0.1, 'sg_ott': 0.302, 'sg_putt': -0.32, 'sg_total': -0.083}"
2025-06-09 16:00:33 UTC,"{'dg_id': 22736, 'driving_acc': 0.006, 'driving_dist': 5.705, 'player_name': 'Rosenmueller, Thomas', 'sg_app': 0.043, 'sg_arg': -0.227, 'sg_ott': 0.337, 'sg_putt': -0.239, 'sg_total': -0.086}"
2025-06-09 16:00:33 UTC,"{'dg_id': 22087, 'driving_acc': -0.04, 'driving_dist': 4.59, 'player_name': 'Paul, Jeremy', 'sg_app': -0.07, 'sg_arg': -0.083, 'sg_ott': 0.088, 'sg_putt': -0.023, 'sg_total': -0.088}"
2025-06-09 16:00:33 UTC,"{'dg_id': 27780, 'driving_acc': -0.055, 'driving_dist': 3.626, 'player_name': 'Crowe, Trace', 'sg_app': -0.035, 'sg_arg': 0.071, 'sg_ott': -0.203, 'sg_putt': 0.079, 'sg_total': -0.089}"
2025-06-09 16:00:33 UTC,"{'dg_id': 17723, 'driving_acc': 0.019, 'driving_dist': -4.703, 'player_name': 'Lower, Justin', 'sg_app': -0.052, 'sg_arg': -0.144, 'sg_ott': -0.02, 'sg_putt': 0.12, 'sg_total': -0.096}"
2025-06-09 16:00:33 UTC,"{'dg_id': 6093, 'driving_acc': -0.003, 'driving_dist': -0.635, 'player_name': 'Rose, Justin', 'sg_app': 0.022, 'sg_arg': 0.029, 'sg_ott': -0.191, 'sg_putt': 0.042, 'sg_total': -0.098}"
2025-06-09 16:00:33 UTC,"{'dg_id': 25003, 'driving_acc': -0.056, 'driving_dist': 7.352, 'player_name': 'Walker, Danny', 'sg_app': 0.005, 'sg_arg': -0.015, 'sg_ott': -0.065, 'sg_putt': -0.023, 'sg_total': -0.098}"
2025-06-09 16:00:33 UTC,"{'dg_id': 26193, 'driving_acc': -0.017, 'driving_dist': 3.168, 'player_name': 'Ding, Wenyi', 'sg_app': -0.298, 'sg_arg': 0.063, 'sg_ott': 0.165, 'sg_putt': -0.037, 'sg_total': -0.107}"
2025-06-09 16:00:33 UTC,"{'dg_id': 15229, 'driving_acc': -0.013, 'driving_dist': 4.157, 'player_name': 'Stone, Brandon', 'sg_app': -0.086, 'sg_arg': -0.136, 'sg_ott': 0.1, 'sg_putt': 0.012, 'sg_total': -0.11}"
2025-06-09 16:00:33 UTC,"{'dg_id': 24304, 'driving_acc': -0.046, 'driving_dist': 8.836, 'player_name': 'Vilips, Karl', 'sg_app': 0.114, 'sg_arg': -0.143, 'sg_ott': 0.11, 'sg_putt': -0.195, 'sg_total': -0.115}"
2025-06-09 16:00:33 UTC,"{'dg_id': 15004, 'driving_acc': 0.002, 'driving_dist': -0.878, 'player_name': 'Kim, Chan', 'sg_app': 0.046, 'sg_arg': 0.134, 'sg_ott': -0.202, 'sg_putt': -0.098, 'sg_total': -0.121}"
2025-06-09 16:00:33 UTC,"{'dg_id': 11019, 'driving_acc': 0.031, 'driving_dist': 4.512, 'player_name': 'Steele, Brendan', 'sg_app': 0.232, 'sg_arg': -0.112, 'sg_ott': 0.351, 'sg_putt': -0.599, 'sg_total': -0.128}"
2025-06-09 16:00:33 UTC,"{'dg_id': 27900, 'driving_acc': -0.065, 'driving_dist': 24.874, 'player_name': 'Potgieter, Aldrich', 'sg_app': -0.237, 'sg_arg': -0.41, 'sg_ott': 0.572, 'sg_putt': -0.057, 'sg_total': -0.133}"
2025-06-09 16:00:33 UTC,"{'dg_id': 14792, 'driving_acc': 0.02, 'driving_dist': -0.058, 'player_name': 'Saddier, Adrien', 'sg_app': 0.032, 'sg_arg': -0.138, 'sg_ott': 0.148, 'sg_putt': -0.182, 'sg_total': -0.14}"
2025-06-09 16:00:33 UTC,"{'dg_id': 19190, 'driving_acc': 0.0, 'driving_dist': -1.583, 'player_name': 'Hoshino, Rikuya', 'sg_app': -0.194, 'sg_arg': 0.005, 'sg_ott': -0.073, 'sg_putt': 0.12, 'sg_total': -0.142}"
2025-06-09 16:00:33 UTC,"{'dg_id': 18628, 'driving_acc': 0.064, 'driving_dist': -21.399, 'player_name': 'Campbell, Brian', 'sg_app': 0.1, 'sg_arg': 0.126, 'sg_ott': -0.605, 'sg_putt': 0.234, 'sg_total': -0.144}"
2025-06-09 16:00:33 UTC,"{'dg_id': 25362, 'driving_acc': -0.035, 'driving_dist': 4.817, 'player_name': 'Fitzpatrick, Alex', 'sg_app': -0.096, 'sg_arg': 0.116, 'sg_ott': -0.004, 'sg_putt': -0.163, 'sg_total': -0.147}"
2025-06-09 16:00:33 UTC,"{'dg_id': 28159, 'driving_acc': -0.01, 'driving_dist': -1.96, 'player_name': 'Meissner, Mac', 'sg_app': 0.131, 'sg_arg': 0.073, 'sg_ott': -0.303, 'sg_putt': -0.055, 'sg_total': -0.154}"
2025-06-09 16:00:33 UTC,"{'dg_id': 13965, 'driving_acc': 0.0, 'driving_dist': -1.27, 'player_name': 'Hadwin, Adam', 'sg_app': -0.114, 'sg_arg': 0.092, 'sg_ott': -0.165, 'sg_putt': 0.031, 'sg_total': -0.156}"
2025-06-09 16:00:33 UTC,"{'dg_id': 20522, 'driving_acc': -0.022, 'driving_dist': 5.622, 'player_name': 'Veerman, Johannes', 'sg_app': 0.019, 'sg_arg': -0.044, 'sg_ott': 0.156, 'sg_putt': -0.286, 'sg_total': -0.156}"
2025-06-09 16:00:33 UTC,"{'dg_id': 19840, 'driving_acc': 0.023, 'driving_dist': -7.804, 'player_name': 'Ramey, Chad', 'sg_app': -0.19, 'sg_arg': 0.013, 'sg_ott': -0.16, 'sg_putt': 0.164, 'sg_total': -0.173}"
2025-06-09 16:00:33 UTC,"{'dg_id': 10201, 'driving_acc': 0.004, 'driving_dist': 1.918, 'player_name': 'Guerrier, Julien', 'sg_app': -0.408, 'sg_arg': 0.042, 'sg_ott': 0.166, 'sg_putt': 0.023, 'sg_total': -0.177}"
2025-06-09 16:00:33 UTC,"{'dg_id': 24837, 'driving_acc': 0.036, 'driving_dist': -2.299, 'player_name': 'Goodwin, Noah', 'sg_app': -0.189, 'sg_arg': -0.029, 'sg_ott': 0.094, 'sg_putt': -0.058, 'sg_total': -0.182}"
2025-06-09 16:00:33 UTC,"{'dg_id': 27164, 'driving_acc': 0.022, 'driving_dist': -5.557, 'player_name': 'Phillips, Chandler', 'sg_app': -0.02, 'sg_arg': -0.001, 'sg_ott': -0.235, 'sg_putt': 0.066, 'sg_total': -0.19}"
2025-06-09 16:00:33 UTC,"{'dg_id': 21362, 'driving_acc': -0.034, 'driving_dist': 9.575, 'player_name': 'Hillier, Daniel', 'sg_app': 0.022, 'sg_arg': -0.494, 'sg_ott': 0.169, 'sg_putt': 0.108, 'sg_total': -0.195}"
2025-06-09 16:00:33 UTC,"{'dg_id': 6986, 'driving_acc': 0.073, 'driving_dist': -15.419, 'player_name': 'Johnson, Zach', 'sg_app': -0.181, 'sg_arg': 0.079, 'sg_ott': -0.263, 'sg_putt': 0.169, 'sg_total': -0.196}"
2025-06-09 16:00:33 UTC,"{'dg_id': 24185, 'driving_acc': -0.016, 'driving_dist': 7.329, 'player_name': 'Mansell, Richard', 'sg_app': -0.096, 'sg_arg': -0.059, 'sg_ott': 0.305, 'sg_putt': -0.351, 'sg_total': -0.2}"
2025-06-09 16:00:33 UTC,"{'dg_id': 15326, 'driving_acc': 0.037, 'driving_dist': -7.756, 'player_name': 'Sullivan, Andy', 'sg_app': -0.081, 'sg_arg': 0.005, 'sg_ott': -0.117, 'sg_putt': -0.014, 'sg_total': -0.207}"
2025-06-09 16:00:33 UTC,"{'dg_id': 16896, 'driving_acc': -0.006, 'driving_dist': 0.834, 'player_name': 'Kruyswijk, Jacques', 'sg_app': -0.439, 'sg_arg': 0.089, 'sg_ott': 0.07, 'sg_putt': 0.072, 'sg_total': -0.208}"
2025-06-09 16:00:33 UTC,"{'dg_id': 15651, 'driving_acc': -0.016, 'driving_dist': 6.199, 'player_name': 'Ventura, Kris', 'sg_app': -0.269, 'sg_arg': -0.21, 'sg_ott': 0.183, 'sg_putt': 0.085, 'sg_total': -0.211}"
2025-06-09 16:00:33 UTC,"{'dg_id': 14559, 'driving_acc': 0.008, 'driving_dist': -1.291, 'player_name': 'Vincent, Scott', 'sg_app': -0.277, 'sg_arg': -0.12, 'sg_ott': -0.0, 'sg_putt': 0.178, 'sg_total': -0.219}"
2025-06-09 16:00:33 UTC,"{'dg_id': 14016, 'driving_acc': 0.006, 'driving_dist': -2.621, 'player_name': 'Campillo, Jorge', 'sg_app': -0.085, 'sg_arg': 0.128, 'sg_ott': -0.189, 'sg_putt': -0.08, 'sg_total': -0.226}"
2025-06-09 16:00:33 UTC,"{'dg_id': 23610, 'driving_acc': -0.007, 'driving_dist': 3.631, 'player_name': 'Crocker, Sean', 'sg_app': 0.017, 'sg_arg': -0.146, 'sg_ott': 0.099, 'sg_putt': -0.207, 'sg_total': -0.237}"
2025-06-09 16:00:33 UTC,"{'dg_id': 11451, 'driving_acc': 0.078, 'driving_dist': -12.684, 'player_name': 'Garnett, Brice', 'sg_app': -0.231, 'sg_arg': 0.071, 'sg_ott': -0.149, 'sg_putt': 0.069, 'sg_total': -0.24}"
2025-06-09 16:00:33 UTC,"{'dg_id': 7960, 'driving_acc': -0.005, 'driving_dist': 7.101, 'player_name': 'List, Luke', 'sg_app': -0.351, 'sg_arg': -0.096, 'sg_ott': 0.317, 'sg_putt': -0.121, 'sg_total': -0.251}"
2025-06-09 16:00:33 UTC,"{'dg_id': 11357, 'driving_acc': -0.149, 'driving_dist': 12.112, 'player_name': 'Uihlein, Peter', 'sg_app': 0.016, 'sg_arg': 0.168, 'sg_ott': -0.497, 'sg_putt': 0.058, 'sg_total': -0.254}"
2025-06-09 16:00:33 UTC,"{'dg_id': 14775, 'driving_acc': 0.063, 'driving_dist': -17.138, 'player_name': 'Bjork, Alexander', 'sg_app': -0.06, 'sg_arg': -0.056, 'sg_ott': -0.424, 'sg_putt': 0.275, 'sg_total': -0.265}"
2025-06-09 16:00:33 UTC,"{'dg_id': 12522, 'driving_acc': 0.0, 'driving_dist': -1.811, 'player_name': 'Schneider, Marcel', 'sg_app': -0.188, 'sg_arg': 0.037, 'sg_ott': -0.014, 'sg_putt': -0.102, 'sg_total': -0.267}"
2025-06-09 16:00:33 UTC,"{'dg_id': 14209, 'driving_acc': -0.017, 'driving_dist': -1.52, 'player_name': 'Kozuma, Jinichiro', 'sg_app': -0.216, 'sg_arg': 0.124, 'sg_ott': -0.109, 'sg_putt': -0.066, 'sg_total': -0.267}"
2025-06-09 16:00:33 UTC,"{'dg_id': 21995, 'driving_acc': -0.037, 'driving_dist': 7.097, 'player_name': 'Springer, Hayden', 'sg_app': -0.248, 'sg_arg': -0.072, 'sg_ott': -0.011, 'sg_putt': 0.039, 'sg_total': -0.292}"
2025-06-09 16:00:33 UTC,"{'dg_id': 25002, 'driving_acc': -0.013, 'driving_dist': -3.712, 'player_name': 'Wu, Dylan', 'sg_app': -0.099, 'sg_arg': 0.023, 'sg_ott': -0.257, 'sg_putt': 0.04, 'sg_total': -0.293}"
2025-06-09 16:00:33 UTC,"{'dg_id': 16395, 'driving_acc': 0.092, 'driving_dist': -9.682, 'player_name': 'Kohles, Ben', 'sg_app': 0.081, 'sg_arg': -0.198, 'sg_ott': 0.091, 'sg_putt': -0.268, 'sg_total': -0.294}"
2025-06-09 16:00:33 UTC,"{'dg_id': 19865, 'driving_acc': -0.027, 'driving_dist': 5.176, 'player_name': 'Hardy, Nick', 'sg_app': 0.052, 'sg_arg': -0.217, 'sg_ott': 0.066, 'sg_putt': -0.202, 'sg_total': -0.302}"
2025-06-09 16:00:33 UTC,"{'dg_id': 18027, 'driving_acc': 0.064, 'driving_dist': -5.344, 'player_name': 'Kimsey, Nathan', 'sg_app': -0.308, 'sg_arg': -0.055, 'sg_ott': 0.145, 'sg_putt': -0.088, 'sg_total': -0.306}"
2025-06-09 16:00:33 UTC,"{'dg_id': 12337, 'driving_acc': -0.004, 'driving_dist': 2.027, 'player_name': 'Kokrak, Jason', 'sg_app': -0.164, 'sg_arg': -0.138, 'sg_ott': -0.089, 'sg_putt': 0.065, 'sg_total': -0.326}"
2025-06-09 16:00:33 UTC,"{'dg_id': 22231, 'driving_acc': -0.017, 'driving_dist': -0.3, 'player_name': 'Von Dellingshausen, Nicolai', 'sg_app': -0.181, 'sg_arg': -0.131, 'sg_ott': -0.107, 'sg_putt': 0.093, 'sg_total': -0.326}"
2025-06-09 16:00:33 UTC,"{'dg_id': 23542, 'driving_acc': -0.023, 'driving_dist': 16.76, 'player_name': 'Champ, Cameron', 'sg_app': -0.442, 'sg_arg': -0.381, 'sg_ott': 0.511, 'sg_putt': -0.018, 'sg_total': -0.329}"
2025-06-09 16:00:33 UTC,"{'dg_id': 17381, 'driving_acc': 0.018, 'driving_dist': -6.644, 'player_name': 'Silverman, Ben', 'sg_app': -0.234, 'sg_arg': 0.054, 'sg_ott': -0.248, 'sg_putt': 0.095, 'sg_total': -0.332}"
2025-06-09 16:00:33 UTC,"{'dg_id': 16652, 'driving_acc': -0.012, 'driving_dist': -3.151, 'player_name': 'Langasque, Romain', 'sg_app': -0.244, 'sg_arg': 0.014, 'sg_ott': -0.28, 'sg_putt': 0.173, 'sg_total': -0.337}"
2025-06-09 16:00:33 UTC,"{'dg_id': 9842, 'driving_acc': 0.073, 'driving_dist': -7.885, 'player_name': 'Zanotti, Fabrizio', 'sg_app': -0.066, 'sg_arg': -0.121, 'sg_ott': 0.103, 'sg_putt': -0.256, 'sg_total': -0.34}"
2025-06-09 16:00:33 UTC,"{'dg_id': 18105, 'driving_acc': 0.001, 'driving_dist': -0.648, 'player_name': 'Lawrence, Thriston', 'sg_app': -0.174, 'sg_arg': -0.149, 'sg_ott': -0.026, 'sg_putt': -0.009, 'sg_total': -0.358}"
2025-06-09 16:00:33 UTC,"{'dg_id': 25611, 'driving_acc': -0.006, 'driving_dist': -1.546, 'player_name': 'Olesen, Jacob Skov', 'sg_app': -0.028, 'sg_arg': -0.032, 'sg_ott': -0.105, 'sg_putt': -0.193, 'sg_total': -0.359}"
2025-06-09 16:00:33 UTC,"{'dg_id': 5768, 'driving_acc': -0.002, 'driving_dist': 1.047, 'player_name': 'Hoffman, Charley', 'sg_app': 0.083, 'sg_arg': -0.017, 'sg_ott': 0.033, 'sg_putt': -0.463, 'sg_total': -0.364}"
2025-06-09 16:00:33 UTC,"{'dg_id': 10943, 'driving_acc': 0.012, 'driving_dist': -6.833, 'player_name': 'Lashley, Nate', 'sg_app': -0.029, 'sg_arg': -0.044, 'sg_ott': -0.221, 'sg_putt': -0.074, 'sg_total': -0.368}"
2025-06-09 16:00:33 UTC,"{'dg_id': 14007, 'driving_acc': 0.01, 'driving_dist': -5.184, 'player_name': 'Martin, Ben', 'sg_app': 0.034, 'sg_arg': -0.164, 'sg_ott': -0.146, 'sg_putt': -0.094, 'sg_total': -0.37}"
2025-06-09 16:00:33 UTC,"{'dg_id': 29770, 'driving_acc': -0.029, 'driving_dist': 6.211, 'player_name': 'Mouw, William', 'sg_app': -0.336, 'sg_arg': -0.165, 'sg_ott': 0.176, 'sg_putt': -0.047, 'sg_total': -0.373}"
2025-06-09 16:00:33 UTC,"{'dg_id': 18524, 'driving_acc': 0.065, 'driving_dist': -5.582, 'player_name': 'Catlin, John', 'sg_app': -0.121, 'sg_arg': -0.08, 'sg_ott': 0.177, 'sg_putt': -0.353, 'sg_total': -0.378}"
2025-06-09 16:00:33 UTC,"{'dg_id': 19421, 'driving_acc': -0.015, 'driving_dist': 8.2, 'player_name': 'Du Plessis, Hennie', 'sg_app': 0.02, 'sg_arg': -0.233, 'sg_ott': 0.2, 'sg_putt': -0.379, 'sg_total': -0.391}"
2025-06-09 16:00:33 UTC,"{'dg_id': 11952, 'driving_acc': 0.026, 'driving_dist': -7.07, 'player_name': 'Grace, Branden', 'sg_app': 0.113, 'sg_arg': 0.032, 'sg_ott': -0.055, 'sg_putt': -0.488, 'sg_total': -0.399}"
2025-06-09 16:00:33 UTC,"{'dg_id': 30463, 'driving_acc': -0.046, 'driving_dist': 10.072, 'player_name': 'Surratt, Caleb', 'sg_app': -0.237, 'sg_arg': -0.241, 'sg_ott': 0.062, 'sg_putt': 0.018, 'sg_total': -0.399}"
2025-06-09 16:00:33 UTC,"{'dg_id': 6950, 'driving_acc': -0.01, 'driving_dist': -1.641, 'player_name': 'Siem, Marcel', 'sg_app': -0.095, 'sg_arg': 0.001, 'sg_ott': -0.038, 'sg_putt': -0.271, 'sg_total': -0.403}"
2025-06-09 16:00:33 UTC,"{'dg_id': 17357, 'driving_acc': -0.014, 'driving_dist': -0.351, 'player_name': 'Migliozzi, Guido', 'sg_app': -0.291, 'sg_arg': 0.132, 'sg_ott': -0.146, 'sg_putt': -0.097, 'sg_total': -0.403}"
2025-06-09 16:00:33 UTC,"{'dg_id': 15330, 'driving_acc': 0.014, 'driving_dist': -2.344, 'player_name': 'Griffin, Lanto', 'sg_app': 0.028, 'sg_arg': -0.234, 'sg_ott': 0.018, 'sg_putt': -0.216, 'sg_total': -0.404}"
2025-06-09 16:00:33 UTC,"{'dg_id': 12177, 'driving_acc': -0.0, 'driving_dist': -7.667, 'player_name': 'Pavan, Andrea', 'sg_app': -0.023, 'sg_arg': 0.082, 'sg_ott': -0.326, 'sg_putt': -0.142, 'sg_total': -0.409}"
2025-06-09 16:00:33 UTC,"{'dg_id': 20766, 'driving_acc': 0.028, 'driving_dist': -0.698, 'player_name': 'Brown, Daniel', 'sg_app': -0.302, 'sg_arg': -0.341, 'sg_ott': 0.212, 'sg_putt': 0.02, 'sg_total': -0.411}"
2025-06-09 16:00:33 UTC,"{'dg_id': 17813, 'driving_acc': -0.003, 'driving_dist': -5.475, 'player_name': 'Armitage, Marcus', 'sg_app': 0.004, 'sg_arg': 0.081, 'sg_ott': -0.199, 'sg_putt': -0.305, 'sg_total': -0.419}"
2025-06-09 16:00:33 UTC,"{'dg_id': 7033, 'driving_acc': 0.043, 'driving_dist': -11.785, 'player_name': 'Molinari, Edoardo', 'sg_app': -0.303, 'sg_arg': 0.053, 'sg_ott': -0.159, 'sg_putt': -0.017, 'sg_total': -0.426}"
2025-06-09 16:00:33 UTC,"{'dg_id': 12920, 'driving_acc': -0.008, 'driving_dist': -5.768, 'player_name': 'Willett, Danny', 'sg_app': -0.48, 'sg_arg': 0.127, 'sg_ott': -0.307, 'sg_putt': 0.231, 'sg_total': -0.429}"
2025-06-09 16:00:33 UTC,"{'dg_id': 21236, 'driving_acc': -0.066, 'driving_dist': 0.464, 'player_name': 'Bryan, Wesley', 'sg_app': -0.133, 'sg_arg': 0.07, 'sg_ott': -0.305, 'sg_putt': -0.062, 'sg_total': -0.43}"
2025-06-09 16:00:33 UTC,"{'dg_id': 22608, 'driving_acc': -0.021, 'driving_dist': 3.33, 'player_name': 'Clements, Todd', 'sg_app': -0.392, 'sg_arg': -0.067, 'sg_ott': 0.039, 'sg_putt': -0.012, 'sg_total': -0.431}"
2025-06-09 16:00:33 UTC,"{'dg_id': 19866, 'driving_acc': -0.02, 'driving_dist': 1.45, 'player_name': 'Horsfield, Sam', 'sg_app': -0.05, 'sg_arg': -0.248, 'sg_ott': -0.151, 'sg_putt': 0.015, 'sg_total': -0.433}"
2025-06-09 16:00:33 UTC,"{'dg_id': 26660, 'driving_acc': -0.027, 'driving_dist': 8.743, 'player_name': 'Gordon, Will', 'sg_app': -0.067, 'sg_arg': -0.252, 'sg_ott': 0.099, 'sg_putt': -0.219, 'sg_total': -0.438}"
2025-06-09 16:00:33 UTC,"{'dg_id': 22089, 'driving_acc': 0.012, 'driving_dist': -2.325, 'player_name': 'Syme, Connor', 'sg_app': -0.052, 'sg_arg': -0.108, 'sg_ott': -0.058, 'sg_putt': -0.223, 'sg_total': -0.441}"
2025-06-09 16:00:33 UTC,"{'dg_id': 19538, 'driving_acc': -0.036, 'driving_dist': 12.964, 'player_name': 'Vincent, Kieran', 'sg_app': -0.527, 'sg_arg': -0.216, 'sg_ott': 0.408, 'sg_putt': -0.107, 'sg_total': -0.442}"
2025-06-09 16:00:33 UTC,"{'dg_id': 14140, 'driving_acc': -0.035, 'driving_dist': 5.314, 'player_name': 'Higgs, Harry', 'sg_app': -0.227, 'sg_arg': -0.269, 'sg_ott': 0.09, 'sg_putt': -0.051, 'sg_total': -0.458}"
2025-06-09 16:00:33 UTC,"{'dg_id': 20448, 'driving_acc': 0.037, 'driving_dist': -5.769, 'player_name': 'Katsuragawa, Yuto', 'sg_app': -0.299, 'sg_arg': -0.04, 'sg_ott': 0.026, 'sg_putt': -0.147, 'sg_total': -0.46}"
2025-06-09 16:00:33 UTC,"{'dg_id': 18517, 'driving_acc': -0.047, 'driving_dist': 0.877, 'player_name': 'Soderberg, Sebastian', 'sg_app': 0.088, 'sg_arg': -0.009, 'sg_ott': -0.396, 'sg_putt': -0.149, 'sg_total': -0.466}"
2025-06-09 16:00:33 UTC,"{'dg_id': 10873, 'driving_acc': -0.063, 'driving_dist': 3.363, 'player_name': 'Skinns, David', 'sg_app': -0.086, 'sg_arg': -0.068, 'sg_ott': -0.256, 'sg_putt': -0.077, 'sg_total': -0.485}"
2025-06-09 16:00:33 UTC,"{'dg_id': 25363, 'driving_acc': 0.035, 'driving_dist': 0.246, 'player_name': 'Buckley, Hayden', 'sg_app': -0.162, 'sg_arg': -0.287, 'sg_ott': 0.281, 'sg_putt': -0.321, 'sg_total': -0.488}"
2025-06-09 16:00:33 UTC,"{'dg_id': 9586, 'driving_acc': 0.018, 'driving_dist': -8.742, 'player_name': 'Laird, Martin', 'sg_app': -0.275, 'sg_arg': 0.152, 'sg_ott': -0.372, 'sg_putt': 0.006, 'sg_total': -0.489}"
2025-06-09 16:00:33 UTC,"{'dg_id': 13497, 'driving_acc': 0.006, 'driving_dist': -1.6, 'player_name': 'Lee, K.H.', 'sg_app': -0.27, 'sg_arg': 0.025, 'sg_ott': -0.066, 'sg_putt': -0.181, 'sg_total': -0.492}"
2025-06-09 16:00:33 UTC,"{'dg_id': 7452, 'driving_acc': 0.056, 'driving_dist': -13.535, 'player_name': 'Na, Kevin', 'sg_app': -0.144, 'sg_arg': 0.127, 'sg_ott': -0.244, 'sg_putt': -0.234, 'sg_total': -0.496}"
2025-06-09 16:00:33 UTC,"{'dg_id': 12988, 'driving_acc': -0.012, 'driving_dist': -6.334, 'player_name': 'Elvira Mijares, Ignacio', 'sg_app': -0.248, 'sg_arg': -0.061, 'sg_ott': -0.356, 'sg_putt': 0.164, 'sg_total': -0.502}"
2025-06-09 16:00:33 UTC,"{'dg_id': 19960, 'driving_acc': 0.015, 'driving_dist': -0.746, 'player_name': 'Pavon, Matthieu', 'sg_app': -0.309, 'sg_arg': -0.26, 'sg_ott': 0.036, 'sg_putt': 0.024, 'sg_total': -0.509}"
2025-06-09 16:00:33 UTC,"{'dg_id': 25919, 'driving_acc': -0.049, 'driving_dist': 14.839, 'player_name': 'Wolff, Matthew', 'sg_app': -0.315, 'sg_arg': -0.149, 'sg_ott': 0.228, 'sg_putt': -0.276, 'sg_total': -0.512}"
2025-06-09 16:00:33 UTC,"{'dg_id': 27820, 'driving_acc': 0.052, 'driving_dist': -13.574, 'player_name': 'Pak, John', 'sg_app': 0.096, 'sg_arg': -0.086, 'sg_ott': -0.315, 'sg_putt': -0.208, 'sg_total': -0.513}"
2025-06-09 16:00:33 UTC,"{'dg_id': 7548, 'driving_acc': 0.045, 'driving_dist': -13.229, 'player_name': 'McDowell, Graeme', 'sg_app': -0.009, 'sg_arg': -0.054, 'sg_ott': -0.284, 'sg_putt': -0.168, 'sg_total': -0.515}"
2025-06-09 16:00:33 UTC,"{'dg_id': 14666, 'driving_acc': 0.026, 'driving_dist': -0.574, 'player_name': 'Johnston, Andrew', 'sg_app': -0.295, 'sg_arg': -0.177, 'sg_ott': 0.097, 'sg_putt': -0.142, 'sg_total': -0.518}"
2025-06-09 16:00:33 UTC,"{'dg_id': 14196, 'driving_acc': -0.048, 'driving_dist': 4.978, 'player_name': 'Meronk, Adrian', 'sg_app': -0.463, 'sg_arg': -0.149, 'sg_ott': -0.111, 'sg_putt': 0.186, 'sg_total': -0.537}"
2025-06-09 16:00:33 UTC,"{'dg_id': 16433, 'driving_acc': 0.021, 'driving_dist': -3.59, 'player_name': 'NeSmith, Matt', 'sg_app': -0.213, 'sg_arg': -0.107, 'sg_ott': -0.092, 'sg_putt': -0.126, 'sg_total': -0.538}"
2025-06-09 16:00:33 UTC,"{'dg_id': 22535, 'driving_acc': -0.019, 'driving_dist': 9.982, 'player_name': 'Norrman, Vincent', 'sg_app': 0.017, 'sg_arg': -0.222, 'sg_ott': 0.231, 'sg_putt': -0.567, 'sg_total': -0.542}"
2025-06-09 16:00:33 UTC,"{'dg_id': 24497, 'driving_acc': -0.011, 'driving_dist': -0.604, 'player_name': 'Robinson-Thompson, Brandon', 'sg_app': -0.222, 'sg_arg': -0.004, 'sg_ott': -0.33, 'sg_putt': 0.012, 'sg_total': -0.543}"
2025-06-09 16:00:33 UTC,"{'dg_id': 5665, 'driving_acc': -0.021, 'driving_dist': -1.547, 'player_name': 'Cink, Stewart', 'sg_app': -0.281, 'sg_arg': 0.083, 'sg_ott': -0.259, 'sg_putt': -0.104, 'sg_total': -0.561}"
2025-06-09 16:00:33 UTC,"{'dg_id': 12321, 'driving_acc': -0.004, 'driving_dist': -6.247, 'player_name': 'Aphibarnrat, Kiradech', 'sg_app': -0.455, 'sg_arg': 0.024, 'sg_ott': -0.217, 'sg_putt': 0.086, 'sg_total': -0.563}"
2025-06-09 16:00:33 UTC,"{'dg_id': 22259, 'driving_acc': -0.075, 'driving_dist': 13.204, 'player_name': 'Del Rey, Alejandro', 'sg_app': -0.531, 'sg_arg': -0.131, 'sg_ott': 0.069, 'sg_putt': 0.026, 'sg_total': -0.567}"
2025-06-09 16:00:33 UTC,"{'dg_id': 20727, 'driving_acc': -0.051, 'driving_dist': 7.583, 'player_name': 'Coussaud, Ugo', 'sg_app': -0.524, 'sg_arg': -0.116, 'sg_ott': -0.0, 'sg_putt': 0.074, 'sg_total': -0.567}"
2025-06-09 16:00:33 UTC,"{'dg_id': 32055, 'driving_acc': -0.004, 'driving_dist': 3.743, 'player_name': 'Shipley, Neal', 'sg_app': -0.192, 'sg_arg': -0.17, 'sg_ott': -0.008, 'sg_putt': -0.2, 'sg_total': -0.57}"
2025-06-09 16:00:33 UTC,"{'dg_id': 11396, 'driving_acc': 0.057, 'driving_dist': -13.051, 'player_name': 'Ramsay, Richie', 'sg_app': -0.218, 'sg_arg': -0.0, 'sg_ott': -0.26, 'sg_putt': -0.096, 'sg_total': -0.574}"
2025-06-09 16:00:33 UTC,"{'dg_id': 1547, 'driving_acc': -0.02, 'driving_dist': -3.187, 'player_name': 'Mickelson, Phil', 'sg_app': -0.113, 'sg_arg': -0.06, 'sg_ott': -0.179, 'sg_putt': -0.226, 'sg_total': -0.578}"
2025-06-09 16:00:33 UTC,"{'dg_id': 18187, 'driving_acc': 0.055, 'driving_dist': -6.611, 'player_name': 'Duncan, Tyler', 'sg_app': -0.41, 'sg_arg': -0.109, 'sg_ott': 0.081, 'sg_putt': -0.142, 'sg_total': -0.58}"
2025-06-09 16:00:33 UTC,"{'dg_id': 13470, 'driving_acc': -0.009, 'driving_dist': -4.401, 'player_name': 'Kizzire, Patton', 'sg_app': -0.021, 'sg_arg': 0.104, 'sg_ott': -0.386, 'sg_putt': -0.28, 'sg_total': -0.582}"
2025-06-09 16:00:33 UTC,"{'dg_id': 19898, 'driving_acc': -0.016, 'driving_dist': -2.645, 'player_name': 'Paul, Yannik', 'sg_app': -0.189, 'sg_arg': 0.038, 'sg_ott': -0.263, 'sg_putt': -0.173, 'sg_total': -0.587}"
2025-06-09 16:00:33 UTC,"{'dg_id': 13374, 'driving_acc': 0.043, 'driving_dist': -11.298, 'player_name': 'Van Driel, Darius', 'sg_app': -0.201, 'sg_arg': -0.026, 'sg_ott': -0.17, 'sg_putt': -0.192, 'sg_total': -0.589}"
2025-06-09 16:00:33 UTC,"{'dg_id': 8820, 'driving_acc': 0.061, 'driving_dist': -17.841, 'player_name': 'Snedeker, Brandt', 'sg_app': -0.368, 'sg_arg': 0.054, 'sg_ott': -0.548, 'sg_putt': 0.272, 'sg_total': -0.589}"
2025-06-09 16:00:33 UTC,"{'dg_id': 12734, 'driving_acc': 0.013, 'driving_dist': -10.136, 'player_name': 'Scrivener, Jason', 'sg_app': -0.365, 'sg_arg': -0.048, 'sg_ott': -0.375, 'sg_putt': 0.197, 'sg_total': -0.591}"
2025-06-09 16:00:33 UTC,"{'dg_id': 23416, 'driving_acc': -0.005, 'driving_dist': 5.286, 'player_name': 'Ravetto, David', 'sg_app': -0.607, 'sg_arg': -0.082, 'sg_ott': 0.222, 'sg_putt': -0.124, 'sg_total': -0.592}"
2025-06-09 16:00:33 UTC,"{'dg_id': 18635, 'driving_acc': -0.02, 'driving_dist': -6.629, 'player_name': 'Shelton, Robby', 'sg_app': -0.235, 'sg_arg': 0.157, 'sg_ott': -0.554, 'sg_putt': 0.027, 'sg_total': -0.605}"
2025-06-09 16:00:33 UTC,"{'dg_id': 7655, 'driving_acc': 0.056, 'driving_dist': -8.549, 'player_name': 'Molinari, Francesco', 'sg_app': -0.04, 'sg_arg': -0.201, 'sg_ott': -0.13, 'sg_putt': -0.235, 'sg_total': -0.607}"
2025-06-09 16:00:33 UTC,"{'dg_id': 18722, 'driving_acc': 0.018, 'driving_dist': -1.865, 'player_name': 'Gouveia, Ricardo', 'sg_app': -0.123, 'sg_arg': -0.256, 'sg_ott': 0.062, 'sg_putt': -0.294, 'sg_total': -0.612}"
2025-06-09 16:00:33 UTC,"{'dg_id': 14975, 'driving_acc': 0.085, 'driving_dist': -15.099, 'player_name': 'Otaegui, Adrian', 'sg_app': -0.016, 'sg_arg': 0.052, 'sg_ott': -0.298, 'sg_putt': -0.35, 'sg_total': -0.613}"
2025-06-09 16:00:33 UTC,"{'dg_id': 17639, 'driving_acc': 0.053, 'driving_dist': -18.442, 'player_name': 'Blair, Zac', 'sg_app': -0.101, 'sg_arg': 0.067, 'sg_ott': -0.47, 'sg_putt': -0.113, 'sg_total': -0.617}"
2025-06-09 16:00:33 UTC,"{'dg_id': 16475, 'driving_acc': -0.057, 'driving_dist': 5.887, 'player_name': 'Forrest, Grant', 'sg_app': -0.343, 'sg_arg': -0.069, 'sg_ott': -0.074, 'sg_putt': -0.137, 'sg_total': -0.624}"
2025-06-09 16:00:33 UTC,"{'dg_id': 29279, 'driving_acc': -0.049, 'driving_dist': 2.965, 'player_name': 'Suber, Jackson', 'sg_app': 0.022, 'sg_arg': -0.17, 'sg_ott': -0.225, 'sg_putt': -0.256, 'sg_total': -0.629}"
2025-06-09 16:00:33 UTC,"{'dg_id': 19477, 'driving_acc': -0.049, 'driving_dist': 3.437, 'player_name': 'Schenk, Adam', 'sg_app': -0.222, 'sg_arg': -0.12, 'sg_ott': -0.209, 'sg_putt': -0.09, 'sg_total': -0.641}"
2025-06-09 16:00:33 UTC,"{'dg_id': 9531, 'driving_acc': 0.001, 'driving_dist': -10.077, 'player_name': 'Wiesberger, Bernd', 'sg_app': 0.204, 'sg_arg': 0.084, 'sg_ott': -0.473, 'sg_putt': -0.456, 'sg_total': -0.641}"
2025-06-09 16:00:33 UTC,"{'dg_id': 29971, 'driving_acc': 0.031, 'driving_dist': 0.617, 'player_name': 'Bradbury, Dan', 'sg_app': -0.188, 'sg_arg': -0.223, 'sg_ott': 0.167, 'sg_putt': -0.404, 'sg_total': -0.648}"
2025-06-09 16:00:33 UTC,"{'dg_id': 8480, 'driving_acc': 0.016, 'driving_dist': -6.332, 'player_name': 'Streelman, Kevin', 'sg_app': -0.184, 'sg_arg': -0.051, 'sg_ott': -0.195, 'sg_putt': -0.223, 'sg_total': -0.654}"
2025-06-09 16:00:33 UTC,"{'dg_id': 28157, 'driving_acc': -0.012, 'driving_dist': 1.784, 'player_name': 'Vaillant, Tom', 'sg_app': -0.441, 'sg_arg': -0.061, 'sg_ott': -0.04, 'sg_putt': -0.12, 'sg_total': -0.662}"
2025-06-09 16:00:33 UTC,"{'dg_id': 19635, 'driving_acc': -0.087, 'driving_dist': 12.252, 'player_name': 'Cantero Gutierrez, Ivan', 'sg_app': -0.422, 'sg_arg': -0.094, 'sg_ott': 0.143, 'sg_putt': -0.293, 'sg_total': -0.666}"
2025-06-09 16:00:33 UTC,"{'dg_id': 25131, 'driving_acc': -0.042, 'driving_dist': 3.899, 'player_name': 'Hill, Calum', 'sg_app': -0.501, 'sg_arg': 0.002, 'sg_ott': -0.137, 'sg_putt': -0.032, 'sg_total': -0.668}"
2025-06-09 16:00:33 UTC,"{'dg_id': 14373, 'driving_acc': 0.051, 'driving_dist': -18.883, 'player_name': 'Campbell, Ben', 'sg_app': -0.38, 'sg_arg': -0.198, 'sg_ott': -0.512, 'sg_putt': 0.418, 'sg_total': -0.672}"
2025-06-09 16:00:33 UTC,"{'dg_id': 14002, 'driving_acc': -0.074, 'driving_dist': 1.445, 'player_name': 'Alexander, Tyson', 'sg_app': -0.381, 'sg_arg': 0.074, 'sg_ott': -0.489, 'sg_putt': 0.113, 'sg_total': -0.683}"
2025-06-09 16:00:33 UTC,"{'dg_id': 15680, 'driving_acc': 0.03, 'driving_dist': -14.713, 'player_name': 'Winther, Jeff', 'sg_app': -0.163, 'sg_arg': -0.155, 'sg_ott': -0.507, 'sg_putt': 0.137, 'sg_total': -0.688}"
2025-06-09 16:00:33 UTC,"{'dg_id': 25442, 'driving_acc': -0.101, 'driving_dist': -3.1, 'player_name': 'Montgomery, Taylor', 'sg_app': -0.514, 'sg_arg': 0.182, 'sg_ott': -0.864, 'sg_putt': 0.499, 'sg_total': -0.696}"
2025-06-09 16:00:33 UTC,"{'dg_id': 22050, 'driving_acc': 0.008, 'driving_dist': -2.826, 'player_name': 'Suh, Justin', 'sg_app': -0.478, 'sg_arg': -0.116, 'sg_ott': -0.275, 'sg_putt': 0.151, 'sg_total': -0.718}"
2025-06-09 16:00:33 UTC,"{'dg_id': 7489, 'driving_acc': 0.078, 'driving_dist': -14.459, 'player_name': 'Moore, Ryan', 'sg_app': -0.048, 'sg_arg': -0.003, 'sg_ott': -0.294, 'sg_putt': -0.39, 'sg_total': -0.735}"
2025-06-09 16:00:33 UTC,"{'dg_id': 12317, 'driving_acc': 0.059, 'driving_dist': -6.092, 'player_name': 'Kieffer, Maximilian', 'sg_app': -0.45, 'sg_arg': -0.087, 'sg_ott': 0.109, 'sg_putt': -0.309, 'sg_total': -0.737}"
2025-06-09 16:00:33 UTC,"{'dg_id': 27420, 'driving_acc': -0.008, 'driving_dist': -4.384, 'player_name': 'Dickson, Taylor', 'sg_app': -0.303, 'sg_arg': 0.034, 'sg_ott': -0.327, 'sg_putt': -0.159, 'sg_total': -0.756}"
2025-06-09 16:00:33 UTC,"{'dg_id': 19948, 'driving_acc': -0.045, 'driving_dist': -2.862, 'player_name': 'Taylor, Ben', 'sg_app': -0.41, 'sg_arg': 0.073, 'sg_ott': -0.518, 'sg_putt': 0.095, 'sg_total': -0.76}"
2025-06-09 16:00:33 UTC,"{'dg_id': 26008, 'driving_acc': -0.022, 'driving_dist': 0.874, 'player_name': 'Elvira, Manuel', 'sg_app': -0.26, 'sg_arg': -0.238, 'sg_ott': -0.051, 'sg_putt': -0.215, 'sg_total': -0.763}"
2025-06-09 16:00:33 UTC,"{'dg_id': 15596, 'driving_acc': -0.009, 'driving_dist': -5.257, 'player_name': 'Cockerill, Aaron', 'sg_app': -0.485, 'sg_arg': -0.1, 'sg_ott': -0.317, 'sg_putt': 0.124, 'sg_total': -0.778}"
2025-06-09 16:00:33 UTC,"{'dg_id': 26947, 'driving_acc': -0.024, 'driving_dist': 1.907, 'player_name': 'Jarvis, Casey', 'sg_app': -0.065, 'sg_arg': -0.175, 'sg_ott': -0.128, 'sg_putt': -0.418, 'sg_total': -0.786}"
2025-06-09 16:00:33 UTC,"{'dg_id': 18244, 'driving_acc': -0.027, 'driving_dist': 5.863, 'player_name': 'Shinkwin, Callum', 'sg_app': -0.385, 'sg_arg': -0.306, 'sg_ott': 0.177, 'sg_putt': -0.278, 'sg_total': -0.792}"
2025-06-09 16:00:33 UTC,"{'dg_id': 16497, 'driving_acc': -0.03, 'driving_dist': 4.956, 'player_name': 'Dean, Joe', 'sg_app': -0.25, 'sg_arg': -0.131, 'sg_ott': -0.144, 'sg_putt': -0.27, 'sg_total': -0.795}"
2025-06-09 16:00:33 UTC,"{'dg_id': 25588, 'driving_acc': 0.009, 'driving_dist': -3.317, 'player_name': 'Wilson, Andrew', 'sg_app': -0.228, 'sg_arg': -0.128, 'sg_ott': -0.191, 'sg_putt': -0.256, 'sg_total': -0.803}"
2025-06-09 16:00:33 UTC,"{'dg_id': 14018, 'driving_acc': 0.027, 'driving_dist': -7.829, 'player_name': 'Dantorp, Jens', 'sg_app': -0.256, 'sg_arg': -0.169, 'sg_ott': -0.195, 'sg_putt': -0.191, 'sg_total': -0.811}"
2025-06-09 16:00:33 UTC,"{'dg_id': 21880, 'driving_acc': -0.051, 'driving_dist': 10.947, 'player_name': 'Cone, Trevor', 'sg_app': -0.318, 'sg_arg': -0.265, 'sg_ott': 0.146, 'sg_putt': -0.384, 'sg_total': -0.82}"
2025-06-09 16:00:33 UTC,"{'dg_id': 11955, 'driving_acc': -0.044, 'driving_dist': 3.028, 'player_name': 'Frittelli, Dylan', 'sg_app': -0.243, 'sg_arg': 0.035, 'sg_ott': -0.08, 'sg_putt': -0.539, 'sg_total': -0.827}"
2025-06-09 16:00:33 UTC,"{'dg_id': 24127, 'driving_acc': 0.01, 'driving_dist': -3.44, 'player_name': 'Hidalgo, Angel', 'sg_app': -0.365, 'sg_arg': -0.001, 'sg_ott': -0.145, 'sg_putt': -0.321, 'sg_total': -0.832}"
2025-06-09 16:00:33 UTC,"{'dg_id': 13127, 'driving_acc': -0.04, 'driving_dist': 2.515, 'player_name': 'Tway, Kevin', 'sg_app': -0.579, 'sg_arg': -0.07, 'sg_ott': -0.182, 'sg_putt': -0.008, 'sg_total': -0.84}"
2025-06-09 16:00:33 UTC,"{'dg_id': 11763, 'driving_acc': 0.012, 'driving_dist': -10.794, 'player_name': 'Wu, Ashun', 'sg_app': -0.395, 'sg_arg': 0.082, 'sg_ott': -0.403, 'sg_putt': -0.126, 'sg_total': -0.842}"
2025-06-09 16:00:33 UTC,"{'dg_id': 13367, 'driving_acc': 0.017, 'driving_dist': -8.037, 'player_name': 'Merritt, Troy', 'sg_app': -0.262, 'sg_arg': -0.03, 'sg_ott': -0.309, 'sg_putt': -0.243, 'sg_total': -0.844}"
2025-06-09 16:00:33 UTC,"{'dg_id': 12530, 'driving_acc': -0.017, 'driving_dist': -2.455, 'player_name': 'Green, Gavin', 'sg_app': -0.277, 'sg_arg': -0.199, 'sg_ott': -0.334, 'sg_putt': -0.038, 'sg_total': -0.848}"
2025-06-09 16:00:33 UTC,"{'dg_id': 5994, 'driving_acc': 0.108, 'driving_dist': -11.733, 'player_name': 'Stenson, Henrik', 'sg_app': 0.037, 'sg_arg': -0.171, 'sg_ott': -0.015, 'sg_putt': -0.709, 'sg_total': -0.857}"
2025-06-09 16:00:33 UTC,"{'dg_id': 15191, 'driving_acc': 0.058, 'driving_dist': -3.945, 'player_name': 'Southgate, Matthew', 'sg_app': -0.568, 'sg_arg': -0.224, 'sg_ott': 0.243, 'sg_putt': -0.321, 'sg_total': -0.87}"
2025-06-09 16:00:33 UTC,"{'dg_id': 15980, 'driving_acc': 0.011, 'driving_dist': -12.016, 'player_name': 'Lipsky, David', 'sg_app': -0.04, 'sg_arg': 0.058, 'sg_ott': -0.494, 'sg_putt': -0.399, 'sg_total': -0.876}"
2025-06-09 16:00:33 UTC,"{'dg_id': 11397, 'driving_acc': 0.002, 'driving_dist': -2.694, 'player_name': 'Jamieson, Scott', 'sg_app': -0.468, 'sg_arg': -0.104, 'sg_ott': -0.152, 'sg_putt': -0.152, 'sg_total': -0.876}"
2025-06-09 16:00:33 UTC,"{'dg_id': 16341, 'driving_acc': 0.097, 'driving_dist': -23.44, 'player_name': 'Peterson, Paul', 'sg_app': -0.416, 'sg_arg': 0.024, 'sg_ott': -0.536, 'sg_putt': 0.048, 'sg_total': -0.881}"
2025-06-09 16:00:33 UTC,"{'dg_id': 24093, 'driving_acc': -0.068, 'driving_dist': 8.505, 'player_name': 'Williams, Robin', 'sg_app': -0.545, 'sg_arg': -0.126, 'sg_ott': -0.042, 'sg_putt': -0.17, 'sg_total': -0.883}"
2025-06-09 16:00:33 UTC,"{'dg_id': 20353, 'driving_acc': 0.018, 'driving_dist': -4.576, 'player_name': 'Whitney, Tom', 'sg_app': -0.115, 'sg_arg': -0.223, 'sg_ott': -0.096, 'sg_putt': -0.452, 'sg_total': -0.886}"
2025-06-09 16:00:33 UTC,"{'dg_id': 25213, 'driving_acc': -0.038, 'driving_dist': -8.894, 'player_name': 'Wu, Brandon', 'sg_app': -0.324, 'sg_arg': 0.152, 'sg_ott': -0.788, 'sg_putt': 0.074, 'sg_total': -0.887}"
2025-06-09 16:00:33 UTC,"{'dg_id': 12426, 'driving_acc': -0.011, 'driving_dist': -0.537, 'player_name': 'Waring, Paul', 'sg_app': -0.126, 'sg_arg': -0.235, 'sg_ott': -0.127, 'sg_putt': -0.402, 'sg_total': -0.889}"
2025-06-09 16:00:33 UTC,"{'dg_id': 9133, 'driving_acc': -0.021, 'driving_dist': -7.964, 'player_name': 'Larrazabal, Pablo', 'sg_app': -0.326, 'sg_arg': 0.008, 'sg_ott': -0.477, 'sg_putt': -0.105, 'sg_total': -0.9}"
2025-06-09 16:00:33 UTC,"{'dg_id': 28473, 'driving_acc': -0.091, 'driving_dist': 16.428, 'player_name': 'Ballester, Jose Luis', 'sg_app': -0.533, 'sg_arg': -0.291, 'sg_ott': 0.174, 'sg_putt': -0.266, 'sg_total': -0.916}"
2025-06-09 16:00:33 UTC,"{'dg_id': 13831, 'driving_acc': 0.0, 'driving_dist': -13.921, 'player_name': 'Knox, Russell', 'sg_app': -0.085, 'sg_arg': -0.011, 'sg_ott': -0.62, 'sg_putt': -0.218, 'sg_total': -0.934}"
2025-06-09 16:00:33 UTC,"{'dg_id': 12909, 'driving_acc': -0.039, 'driving_dist': 3.199, 'player_name': 'Campos, Rafael', 'sg_app': -0.487, 'sg_arg': -0.152, 'sg_ott': -0.146, 'sg_putt': -0.15, 'sg_total': -0.935}"
2025-06-09 16:00:33 UTC,"{'dg_id': 18536, 'driving_acc': -0.059, 'driving_dist': 4.155, 'player_name': 'McCormick, Ryan', 'sg_app': -0.371, 'sg_arg': -0.205, 'sg_ott': -0.261, 'sg_putt': -0.099, 'sg_total': -0.937}"
2025-06-09 16:00:33 UTC,"{'dg_id': 30428, 'driving_acc': -0.052, 'driving_dist': 9.137, 'player_name': 'Masaveu, Luis', 'sg_app': -0.622, 'sg_arg': -0.228, 'sg_ott': 0.066, 'sg_putt': -0.158, 'sg_total': -0.943}"
2025-06-09 16:00:33 UTC,"{'dg_id': 7899, 'driving_acc': 0.026, 'driving_dist': -7.632, 'player_name': 'Piercy, Scott', 'sg_app': -0.278, 'sg_arg': -0.13, 'sg_ott': -0.175, 'sg_putt': -0.378, 'sg_total': -0.961}"
2025-06-09 16:00:33 UTC,"{'dg_id': 18514, 'driving_acc': -0.012, 'driving_dist': -5.135, 'player_name': 'Kinhult, Marcus', 'sg_app': -0.536, 'sg_arg': -0.079, 'sg_ott': -0.38, 'sg_putt': 0.025, 'sg_total': -0.97}"
2025-06-09 16:00:33 UTC,"{'dg_id': 20519, 'driving_acc': -0.077, 'driving_dist': 4.53, 'player_name': 'Tarren, Callum', 'sg_app': -0.267, 'sg_arg': -0.099, 'sg_ott': -0.365, 'sg_putt': -0.249, 'sg_total': -0.98}"
2025-06-09 16:00:33 UTC,"{'dg_id': 15852, 'driving_acc': 0.04, 'driving_dist': -13.952, 'player_name': 'Kraft, Kelly', 'sg_app': -0.224, 'sg_arg': -0.271, 'sg_ott': -0.539, 'sg_putt': 0.053, 'sg_total': -0.98}"
2025-06-09 16:00:33 UTC,"{'dg_id': 14784, 'driving_acc': -0.028, 'driving_dist': 1.251, 'player_name': 'Law, David', 'sg_app': -0.533, 'sg_arg': -0.088, 'sg_ott': -0.173, 'sg_putt': -0.189, 'sg_total': -0.982}"
2025-06-09 16:00:33 UTC,"{'dg_id': 19738, 'driving_acc': -0.05, 'driving_dist': 13.332, 'player_name': 'Dougherty, Kevin', 'sg_app': -0.614, 'sg_arg': -0.261, 'sg_ott': 0.278, 'sg_putt': -0.387, 'sg_total': -0.984}"
2025-06-09 16:00:33 UTC,"{'dg_id': 17266, 'driving_acc': -0.044, 'driving_dist': 6.815, 'player_name': 'Yuan, Carl', 'sg_app': -0.549, 'sg_arg': -0.121, 'sg_ott': -0.031, 'sg_putt': -0.284, 'sg_total': -0.985}"
2025-06-09 16:00:33 UTC,"{'dg_id': 7961, 'driving_acc': 0.048, 'driving_dist': -15.453, 'player_name': 'Reavie, Chez', 'sg_app': -0.12, 'sg_arg': -0.088, 'sg_ott': -0.523, 'sg_putt': -0.255, 'sg_total': -0.987}"
2025-06-09 16:00:33 UTC,"{'dg_id': 18174, 'driving_acc': -0.002, 'driving_dist': -2.706, 'player_name': 'Ritchie, JC', 'sg_app': -0.352, 'sg_arg': -0.144, 'sg_ott': -0.179, 'sg_putt': -0.32, 'sg_total': -0.994}"
2025-06-09 16:00:33 UTC,"{'dg_id': 27588, 'driving_acc': -0.052, 'driving_dist': 7.489, 'player_name': 'Schott, Freddy', 'sg_app': -0.4, 'sg_arg': -0.335, 'sg_ott': -0.102, 'sg_putt': -0.157, 'sg_total': -0.994}"
2025-06-09 16:00:33 UTC,"{'dg_id': 19899, 'driving_acc': -0.038, 'driving_dist': 2.043, 'player_name': 'Rottluff, Max', 'sg_app': -0.52, 'sg_arg': -0.177, 'sg_ott': -0.195, 'sg_putt': -0.13, 'sg_total': -1.022}"
2025-06-09 16:00:33 UTC,"{'dg_id': 8605, 'driving_acc': -0.063, 'driving_dist': -2.176, 'player_name': 'Jones, Matt', 'sg_app': -0.363, 'sg_arg': -0.051, 'sg_ott': -0.553, 'sg_putt': -0.072, 'sg_total': -1.039}"
2025-06-09 16:00:33 UTC,"{'dg_id': 23540, 'driving_acc': -0.036, 'driving_dist': -2.359, 'player_name': 'Andersen, Mason', 'sg_app': -0.583, 'sg_arg': -0.026, 'sg_ott': -0.411, 'sg_putt': -0.024, 'sg_total': -1.045}"
2025-06-09 16:00:33 UTC,"{'dg_id': 14967, 'driving_acc': -0.028, 'driving_dist': -0.135, 'player_name': 'Hadley, Chesson', 'sg_app': -0.609, 'sg_arg': -0.283, 'sg_ott': -0.286, 'sg_putt': 0.133, 'sg_total': -1.045}"
2025-06-09 16:00:33 UTC,"{'dg_id': 19806, 'driving_acc': -0.003, 'driving_dist': -5.496, 'player_name': 'Forsstrom, Simon', 'sg_app': -0.425, 'sg_arg': -0.213, 'sg_ott': -0.194, 'sg_putt': -0.215, 'sg_total': -1.047}"
2025-06-09 16:00:33 UTC,"{'dg_id': 19224, 'driving_acc': -0.031, 'driving_dist': -1.08, 'player_name': 'Micheluzzi, David', 'sg_app': -0.803, 'sg_arg': -0.162, 'sg_ott': -0.28, 'sg_putt': 0.183, 'sg_total': -1.062}"
2025-06-09 16:00:33 UTC,"{'dg_id': 5716, 'driving_acc': -0.018, 'driving_dist': -2.525, 'player_name': 'Harrington, Padraig', 'sg_app': -0.256, 'sg_arg': -0.044, 'sg_ott': -0.272, 'sg_putt': -0.491, 'sg_total': -1.063}"
2025-06-09 16:00:33 UTC,"{'dg_id': 17068, 'driving_acc': -0.054, 'driving_dist': 7.01, 'player_name': 'Daffue, MJ', 'sg_app': -0.57, 'sg_arg': -0.241, 'sg_ott': -0.031, 'sg_putt': -0.254, 'sg_total': -1.096}"
2025-06-09 16:00:33 UTC,"{'dg_id': 17422, 'driving_acc': -0.07, 'driving_dist': -1.343, 'player_name': 'Del Solar, Cristobal', 'sg_app': -0.46, 'sg_arg': -0.143, 'sg_ott': -0.579, 'sg_putt': 0.081, 'sg_total': -1.101}"
2025-06-09 16:00:33 UTC,"{'dg_id': 28270, 'driving_acc': -0.121, 'driving_dist': -0.921, 'player_name': 'Dunlap, Nick', 'sg_app': -0.249, 'sg_arg': 0.078, 'sg_ott': -1.169, 'sg_putt': 0.225, 'sg_total': -1.115}"
2025-06-09 16:00:33 UTC,"{'dg_id': 31212, 'driving_acc': -0.011, 'driving_dist': -4.013, 'player_name': 'Chandler, Will', 'sg_app': -0.632, 'sg_arg': -0.026, 'sg_ott': -0.374, 'sg_putt': -0.087, 'sg_total': -1.118}"
2025-06-09 16:00:33 UTC,"{'dg_id': 1435, 'driving_acc': 0.02, 'driving_dist': -12.713, 'player_name': 'Poulter, Ian', 'sg_app': -0.412, 'sg_arg': 0.095, 'sg_ott': -0.502, 'sg_putt': -0.301, 'sg_total': -1.12}"
2025-06-09 16:00:33 UTC,"{'dg_id': 5754, 'driving_acc': 0.069, 'driving_dist': -16.274, 'player_name': 'Fichardt, Darren', 'sg_app': -0.532, 'sg_arg': -0.142, 'sg_ott': -0.189, 'sg_putt': -0.257, 'sg_total': -1.12}"
2025-06-09 16:00:33 UTC,"{'dg_id': 28276, 'driving_acc': -0.037, 'driving_dist': 8.733, 'player_name': 'Jang, Yubin', 'sg_app': -0.175, 'sg_arg': -0.46, 'sg_ott': 0.169, 'sg_putt': -0.656, 'sg_total': -1.122}"
2025-06-09 16:00:33 UTC,"{'dg_id': 8117, 'driving_acc': -0.016, 'driving_dist': -10.972, 'player_name': 'Kaymer, Martin', 'sg_app': -0.034, 'sg_arg': -0.252, 'sg_ott': -0.682, 'sg_putt': -0.162, 'sg_total': -1.129}"
2025-06-09 16:00:33 UTC,"{'dg_id': 21412, 'driving_acc': -0.119, 'driving_dist': 0.62, 'player_name': 'Capan III, Frankie', 'sg_app': -0.596, 'sg_arg': 0.08, 'sg_ott': -0.838, 'sg_putt': 0.214, 'sg_total': -1.139}"
2025-06-09 16:00:33 UTC,"{'dg_id': 20190, 'driving_acc': -0.061, 'driving_dist': 1.997, 'player_name': 'Helligkilde, Marcus', 'sg_app': -0.416, 'sg_arg': -0.146, 'sg_ott': -0.362, 'sg_putt': -0.224, 'sg_total': -1.148}"
2025-06-09 16:00:33 UTC,"{'dg_id': 17718, 'driving_acc': -0.032, 'driving_dist': -0.519, 'player_name': 'Sordet, Clement', 'sg_app': -0.61, 'sg_arg': 0.115, 'sg_ott': -0.347, 'sg_putt': -0.316, 'sg_total': -1.158}"
2025-06-09 16:00:33 UTC,"{'dg_id': 23892, 'driving_acc': 0.056, 'driving_dist': -4.36, 'player_name': 'Gumberg, Jordan', 'sg_app': -0.526, 'sg_arg': -0.442, 'sg_ott': 0.169, 'sg_putt': -0.369, 'sg_total': -1.169}"
2025-06-09 16:00:33 UTC,"{'dg_id': 16563, 'driving_acc': 0.024, 'driving_dist': -5.937, 'player_name': 'Lee, Chieh-Po', 'sg_app': -0.719, 'sg_arg': -0.052, 'sg_ott': -0.094, 'sg_putt': -0.324, 'sg_total': -1.189}"
2025-06-09 16:00:33 UTC,"{'dg_id': 16549, 'driving_acc': -0.053, 'driving_dist': -1.533, 'player_name': 'Paratore, Renato', 'sg_app': -0.676, 'sg_arg': -0.015, 'sg_ott': -0.619, 'sg_putt': 0.106, 'sg_total': -1.204}"
2025-06-09 16:00:33 UTC,"{'dg_id': 13139, 'driving_acc': -0.065, 'driving_dist': 1.199, 'player_name': 'Pulkkanen, Tapio', 'sg_app': -0.697, 'sg_arg': 0.044, 'sg_ott': -0.438, 'sg_putt': -0.118, 'sg_total': -1.208}"
2025-06-09 16:00:33 UTC,"{'dg_id': 7457, 'driving_acc': -0.02, 'driving_dist': -8.086, 'player_name': 'Cabrera Bello, Rafa', 'sg_app': -0.835, 'sg_arg': -0.087, 'sg_ott': -0.482, 'sg_putt': 0.194, 'sg_total': -1.21}"
2025-06-09 16:00:33 UTC,"{'dg_id': 13305, 'driving_acc': -0.045, 'driving_dist': -0.47, 'player_name': 'Chappell, Kevin', 'sg_app': -0.414, 'sg_arg': -0.135, 'sg_ott': -0.384, 'sg_putt': -0.278, 'sg_total': -1.212}"
2025-06-09 16:00:33 UTC,"{'dg_id': 14050, 'driving_acc': 0.021, 'driving_dist': -11.013, 'player_name': 'Sloan, Roger', 'sg_app': -0.451, 'sg_arg': -0.064, 'sg_ott': -0.569, 'sg_putt': -0.13, 'sg_total': -1.214}"
2025-06-09 16:00:33 UTC,"{'dg_id': 6893, 'driving_acc': -0.052, 'driving_dist': 4.092, 'player_name': 'Colsaerts, Nicolas', 'sg_app': -0.403, 'sg_arg': -0.197, 'sg_ott': -0.182, 'sg_putt': -0.435, 'sg_total': -1.217}"
2025-06-09 16:00:33 UTC,"{'dg_id': 20780, 'driving_acc': -0.01, 'driving_dist': -6.765, 'player_name': 'Kim, Minkyu', 'sg_app': -0.479, 'sg_arg': -0.062, 'sg_ott': -0.529, 'sg_putt': -0.149, 'sg_total': -1.219}"
2025-06-09 16:00:33 UTC,"{'dg_id': 4052, 'driving_acc': -0.016, 'driving_dist': -6.667, 'player_name': 'Westwood, Lee', 'sg_app': -0.368, 'sg_arg': -0.075, 'sg_ott': -0.365, 'sg_putt': -0.415, 'sg_total': -1.223}"
2025-06-09 16:00:33 UTC,"{'dg_id': 25771, 'driving_acc': -0.064, 'driving_dist': 5.872, 'player_name': 'Furr, Wilson', 'sg_app': -0.628, 'sg_arg': -0.13, 'sg_ott': -0.324, 'sg_putt': -0.155, 'sg_total': -1.237}"
2025-06-09 16:00:33 UTC,"{'dg_id': 19208, 'driving_acc': -0.002, 'driving_dist': -7.822, 'player_name': 'Endycott, Harrison', 'sg_app': -0.523, 'sg_arg': -0.047, 'sg_ott': -0.516, 'sg_putt': -0.153, 'sg_total': -1.239}"
2025-06-09 16:00:33 UTC,"{'dg_id': 9171, 'driving_acc': -0.053, 'driving_dist': -12.461, 'player_name': 'Villegas, Camilo', 'sg_app': -0.274, 'sg_arg': 0.045, 'sg_ott': -0.919, 'sg_putt': -0.096, 'sg_total': -1.244}"
2025-06-09 16:00:33 UTC,"{'dg_id': 11374, 'driving_acc': 0.001, 'driving_dist': -3.954, 'player_name': 'Hahn, James', 'sg_app': -0.653, 'sg_arg': -0.242, 'sg_ott': -0.265, 'sg_putt': -0.106, 'sg_total': -1.266}"
2025-06-09 16:00:33 UTC,"{'dg_id': 23549, 'driving_acc': -0.028, 'driving_dist': 1.539, 'player_name': 'Celli, Filippo', 'sg_app': -0.521, 'sg_arg': -0.319, 'sg_ott': -0.224, 'sg_putt': -0.223, 'sg_total': -1.287}"
2025-06-09 16:00:33 UTC,"{'dg_id': 14926, 'driving_acc': -0.09, 'driving_dist': -2.925, 'player_name': 'Malnati, Peter', 'sg_app': -0.552, 'sg_arg': 0.182, 'sg_ott': -0.748, 'sg_putt': -0.177, 'sg_total': -1.294}"
2025-06-09 16:00:33 UTC,"{'dg_id': 13089, 'driving_acc': 0.019, 'driving_dist': -7.939, 'player_name': 'Nemecz, Lukas', 'sg_app': -0.488, 'sg_arg': -0.113, 'sg_ott': -0.31, 'sg_putt': -0.385, 'sg_total': -1.296}"
2025-06-09 16:00:33 UTC,"{'dg_id': 9675, 'driving_acc': -0.029, 'driving_dist': -2.436, 'player_name': 'Lorenzo-Vera, Michael', 'sg_app': -0.578, 'sg_arg': -0.1, 'sg_ott': -0.365, 'sg_putt': -0.261, 'sg_total': -1.304}"
2025-06-09 16:00:33 UTC,"{'dg_id': 15113, 'driving_acc': 0.056, 'driving_dist': -19.749, 'player_name': 'Pepperell, Eddie', 'sg_app': -0.412, 'sg_arg': -0.152, 'sg_ott': -0.677, 'sg_putt': -0.074, 'sg_total': -1.315}"
2025-06-09 16:00:33 UTC,"{'dg_id': 15592, 'driving_acc': 0.084, 'driving_dist': -7.822, 'player_name': 'Girrbach, Joel', 'sg_app': -0.548, 'sg_arg': -0.302, 'sg_ott': 0.113, 'sg_putt': -0.579, 'sg_total': -1.316}"
2025-06-09 16:00:33 UTC,"{'dg_id': 17081, 'driving_acc': 0.011, 'driving_dist': -8.646, 'player_name': 'Sharma, Shubhankar', 'sg_app': -0.41, 'sg_arg': -0.39, 'sg_ott': -0.519, 'sg_putt': 0.002, 'sg_total': -1.317}"
2025-06-09 16:00:33 UTC,"{'dg_id': 6149, 'driving_acc': 0.075, 'driving_dist': -26.766, 'player_name': 'Kjeldsen, Soren', 'sg_app': -0.231, 'sg_arg': -0.043, 'sg_ott': -0.782, 'sg_putt': -0.312, 'sg_total': -1.368}"
2025-06-09 16:00:33 UTC,"{'dg_id': 27597, 'driving_acc': -0.04, 'driving_dist': 0.745, 'player_name': 'Ogletree, Andy', 'sg_app': -0.861, 'sg_arg': -0.134, 'sg_ott': -0.353, 'sg_putt': -0.024, 'sg_total': -1.372}"
2025-06-09 16:00:33 UTC,"{'dg_id': 11619, 'driving_acc': -0.079, 'driving_dist': 1.191, 'player_name': 'Bjerregaard, Lucas', 'sg_app': -0.595, 'sg_arg': -0.104, 'sg_ott': -0.622, 'sg_putt': -0.056, 'sg_total': -1.377}"
2025-06-09 16:00:33 UTC,"{'dg_id': 7679, 'driving_acc': 0.066, 'driving_dist': -24.97, 'player_name': 'Aiken, Thomas', 'sg_app': -0.396, 'sg_arg': -0.137, 'sg_ott': -0.825, 'sg_putt': -0.021, 'sg_total': -1.38}"
2025-06-09 16:00:33 UTC,"{'dg_id': 6762, 'driving_acc': 0.032, 'driving_dist': -17.803, 'player_name': 'Perez, Pat', 'sg_app': -0.59, 'sg_arg': 0.041, 'sg_ott': -0.827, 'sg_putt': -0.018, 'sg_total': -1.395}"
2025-06-09 16:00:33 UTC,"{'dg_id': 14973, 'driving_acc': -0.005, 'driving_dist': -5.615, 'player_name': 'Levy, Alexander', 'sg_app': -0.771, 'sg_arg': -0.188, 'sg_ott': -0.394, 'sg_putt': -0.06, 'sg_total': -1.413}"
2025-06-09 16:00:33 UTC,"{'dg_id': 23112, 'driving_acc': -0.023, 'driving_dist': -0.1, 'player_name': 'De Bruyn, Jannik', 'sg_app': -0.709, 'sg_arg': -0.166, 'sg_ott': -0.254, 'sg_putt': -0.361, 'sg_total': -1.49}"
2025-06-09 16:00:33 UTC,"{'dg_id': 11328, 'driving_acc': 0.019, 'driving_dist': -15.015, 'player_name': 'Kisner, Kevin', 'sg_app': -0.754, 'sg_arg': 0.024, 'sg_ott': -0.644, 'sg_putt': -0.128, 'sg_total': -1.502}"
2025-06-09 16:00:33 UTC,"{'dg_id': 7887, 'driving_acc': -0.054, 'driving_dist': 2.136, 'player_name': 'Garcia-Heredia, Alfredo', 'sg_app': -0.469, 'sg_arg': -0.275, 'sg_ott': -0.239, 'sg_putt': -0.525, 'sg_total': -1.507}"
2025-06-09 16:00:33 UTC,"{'dg_id': 16421, 'driving_acc': -0.027, 'driving_dist': -2.445, 'player_name': 'Johannessen, Kristian K.', 'sg_app': -1.152, 'sg_arg': -0.136, 'sg_ott': -0.256, 'sg_putt': 0.021, 'sg_total': -1.522}"
2025-06-09 16:00:33 UTC,"{'dg_id': 12650, 'driving_acc': -0.007, 'driving_dist': -11.313, 'player_name': 'Huizing, Daan', 'sg_app': -0.791, 'sg_arg': -0.2, 'sg_ott': -0.668, 'sg_putt': 0.135, 'sg_total': -1.524}"
2025-06-09 16:00:33 UTC,"{'dg_id': 25888, 'driving_acc': 0.031, 'driving_dist': -12.757, 'player_name': 'Germishuys, Deon', 'sg_app': -0.599, 'sg_arg': -0.222, 'sg_ott': -0.443, 'sg_putt': -0.261, 'sg_total': -1.525}"
2025-06-09 16:00:33 UTC,"{'dg_id': 26213, 'driving_acc': -0.055, 'driving_dist': -2.155, 'player_name': 'Ko, Jeong Weon', 'sg_app': -0.744, 'sg_arg': -0.043, 'sg_ott': -0.558, 'sg_putt': -0.182, 'sg_total': -1.527}"
2025-06-09 16:00:33 UTC,"{'dg_id': 7955, 'driving_acc': -0.082, 'driving_dist': -0.295, 'player_name': 'Watney, Nick', 'sg_app': -0.381, 'sg_arg': -0.215, 'sg_ott': -0.652, 'sg_putt': -0.279, 'sg_total': -1.528}"
2025-06-09 16:00:33 UTC,"{'dg_id': 16897, 'driving_acc': -0.063, 'driving_dist': 3.476, 'player_name': 'Lombard, Zander', 'sg_app': -0.684, 'sg_arg': -0.095, 'sg_ott': -0.588, 'sg_putt': -0.163, 'sg_total': -1.531}"
2025-06-09 16:00:33 UTC,"{'dg_id': 27870, 'driving_acc': -0.068, 'driving_dist': 4.244, 'player_name': 'Coody, Parker', 'sg_app': -0.497, 'sg_arg': -0.266, 'sg_ott': -0.479, 'sg_putt': -0.295, 'sg_total': -1.537}"
2025-06-09 16:00:33 UTC,"{'dg_id': 26562, 'driving_acc': -0.003, 'driving_dist': -2.019, 'player_name': 'Besard, Matthis', 'sg_app': -0.894, 'sg_arg': -0.189, 'sg_ott': -0.218, 'sg_putt': -0.244, 'sg_total': -1.544}"
2025-06-09 16:00:33 UTC,"{'dg_id': 20084, 'driving_acc': -0.091, 'driving_dist': 15.739, 'player_name': 'Lindberg, Mikael', 'sg_app': -1.092, 'sg_arg': -0.232, 'sg_ott': -0.073, 'sg_putt': -0.156, 'sg_total': -1.553}"
2025-06-09 16:00:33 UTC,"{'dg_id': 19455, 'driving_acc': -0.08, 'driving_dist': 3.499, 'player_name': 'Pereira, Mito', 'sg_app': -0.578, 'sg_arg': -0.226, 'sg_ott': -0.607, 'sg_putt': -0.152, 'sg_total': -1.563}"
2025-06-09 16:00:33 UTC,"{'dg_id': 13530, 'driving_acc': 0.056, 'driving_dist': -13.302, 'player_name': 'Kawamura, Masahiro', 'sg_app': -0.704, 'sg_arg': -0.209, 'sg_ott': -0.273, 'sg_putt': -0.393, 'sg_total': -1.578}"
2025-06-09 16:00:33 UTC,"{'dg_id': 20846, 'driving_acc': -0.006, 'driving_dist': -6.994, 'player_name': 'Scalise, Lorenzo', 'sg_app': -0.73, 'sg_arg': -0.22, 'sg_ott': -0.435, 'sg_putt': -0.221, 'sg_total': -1.606}"
2025-06-09 16:00:33 UTC,"{'dg_id': 15473, 'driving_acc': -0.003, 'driving_dist': -14.536, 'player_name': 'Long, Adam', 'sg_app': -0.643, 'sg_arg': 0.023, 'sg_ott': -0.867, 'sg_putt': -0.138, 'sg_total': -1.625}"
2025-06-09 16:00:33 UTC,"{'dg_id': 13344, 'driving_acc': -0.002, 'driving_dist': -8.538, 'player_name': 'Baldwin, Matthew', 'sg_app': -0.31, 'sg_arg': -0.256, 'sg_ott': -0.448, 'sg_putt': -0.62, 'sg_total': -1.634}"
2025-06-09 16:00:33 UTC,"{'dg_id': 6252, 'driving_acc': -0.047, 'driving_dist': -15.976, 'player_name': 'Baddeley, Aaron', 'sg_app': -0.555, 'sg_arg': 0.262, 'sg_ott': -1.255, 'sg_putt': -0.088, 'sg_total': -1.636}"
2025-06-09 16:00:33 UTC,"{'dg_id': 4163, 'driving_acc': -0.019, 'driving_dist': -19.583, 'player_name': 'Donald, Luke', 'sg_app': -0.477, 'sg_arg': 0.165, 'sg_ott': -1.288, 'sg_putt': -0.041, 'sg_total': -1.641}"
2025-06-09 16:00:33 UTC,"{'dg_id': 13821, 'driving_acc': -0.044, 'driving_dist': -6.471, 'player_name': 'Whitnell, Dale', 'sg_app': -0.56, 'sg_arg': -0.2, 'sg_ott': -0.64, 'sg_putt': -0.243, 'sg_total': -1.643}"
2025-06-09 16:00:33 UTC,"{'dg_id': 18579, 'driving_acc': 0.004, 'driving_dist': -15.146, 'player_name': 'Cook, Austin', 'sg_app': -0.698, 'sg_arg': 0.011, 'sg_ott': -0.754, 'sg_putt': -0.235, 'sg_total': -1.675}"
2025-06-09 16:00:33 UTC,"{'dg_id': 23236, 'driving_acc': -0.054, 'driving_dist': -3.061, 'player_name': 'Arnaus, Adri', 'sg_app': -0.809, 'sg_arg': -0.295, 'sg_ott': -0.656, 'sg_putt': 0.077, 'sg_total': -1.683}"
2025-06-09 16:00:33 UTC,"{'dg_id': 25138, 'driving_acc': -0.05, 'driving_dist': -1.319, 'player_name': 'Long, Hurly', 'sg_app': -0.965, 'sg_arg': -0.03, 'sg_ott': -0.474, 'sg_putt': -0.256, 'sg_total': -1.725}"
2025-06-09 16:00:33 UTC,"{'dg_id': 24657, 'driving_acc': -0.008, 'driving_dist': -6.928, 'player_name': 'Friedrichsen, Sebastian', 'sg_app': -0.728, 'sg_arg': -0.348, 'sg_ott': -0.494, 'sg_putt': -0.156, 'sg_total': -1.726}"
2025-06-09 16:00:33 UTC,"{'dg_id': 10033, 'driving_acc': 0.034, 'driving_dist': -25.612, 'player_name': 'Figueiredo, Pedro', 'sg_app': -0.648, 'sg_arg': -0.138, 'sg_ott': -1.062, 'sg_putt': 0.102, 'sg_total': -1.746}"
2025-06-09 16:00:33 UTC,"{'dg_id': 20704, 'driving_acc': 0.062, 'driving_dist': -23.388, 'player_name': 'Tarrio, Santiago', 'sg_app': -0.43, 'sg_arg': -0.059, 'sg_ott': -0.773, 'sg_putt': -0.487, 'sg_total': -1.749}"
2025-06-09 16:00:33 UTC,"{'dg_id': 11826, 'driving_acc': -0.008, 'driving_dist': -9.833, 'player_name': 'Lee, Danny', 'sg_app': -0.395, 'sg_arg': -0.257, 'sg_ott': -0.756, 'sg_putt': -0.357, 'sg_total': -1.765}"
2025-06-09 16:00:33 UTC,"{'dg_id': 12258, 'driving_acc': -0.055, 'driving_dist': -1.509, 'player_name': 'Garcia Rodriguez, Sebastian', 'sg_app': -0.706, 'sg_arg': -0.196, 'sg_ott': -0.556, 'sg_putt': -0.326, 'sg_total': -1.784}"
2025-06-09 16:00:33 UTC,"{'dg_id': 12425, 'driving_acc': 0.017, 'driving_dist': -20.447, 'player_name': 'Todd, Brendon', 'sg_app': -1.26, 'sg_arg': 0.207, 'sg_ott': -1.118, 'sg_putt': 0.362, 'sg_total': -1.809}"
2025-06-09 16:00:33 UTC,"{'dg_id': 9396, 'driving_acc': -0.049, 'driving_dist': 5.226, 'player_name': 'Fisher, Ross', 'sg_app': -0.522, 'sg_arg': -0.466, 'sg_ott': -0.294, 'sg_putt': -0.548, 'sg_total': -1.831}"
2025-06-09 16:00:33 UTC,"{'dg_id': 8300, 'driving_acc': -0.059, 'driving_dist': -4.589, 'player_name': 'Wilson, Oliver', 'sg_app': -1.101, 'sg_arg': -0.021, 'sg_ott': -0.724, 'sg_putt': -0.004, 'sg_total': -1.85}"
2025-06-09 16:00:33 UTC,"{'dg_id': 16363, 'driving_acc': -0.043, 'driving_dist': -14.141, 'player_name': 'Brun, Julien', 'sg_app': -0.804, 'sg_arg': 0.031, 'sg_ott': -1.185, 'sg_putt': 0.104, 'sg_total': -1.853}"
2025-06-09 16:00:33 UTC,"{'dg_id': 27554, 'driving_acc': -0.081, 'driving_dist': 7.698, 'player_name': 'Jones, Sam', 'sg_app': -0.938, 'sg_arg': -0.358, 'sg_ott': -0.321, 'sg_putt': -0.24, 'sg_total': -1.857}"
2025-06-09 16:00:33 UTC,"{'dg_id': 15164, 'driving_acc': -0.041, 'driving_dist': 1.163, 'player_name': 'Lewis, Tom', 'sg_app': -0.663, 'sg_arg': -0.232, 'sg_ott': -0.374, 'sg_putt': -0.597, 'sg_total': -1.866}"
2025-06-09 16:00:33 UTC,"{'dg_id': 23163, 'driving_acc': -0.029, 'driving_dist': -1.012, 'player_name': 'Enefer, Will', 'sg_app': -0.723, 'sg_arg': -0.393, 'sg_ott': -0.427, 'sg_putt': -0.325, 'sg_total': -1.868}"
2025-06-09 16:00:33 UTC,"{'dg_id': 8182, 'driving_acc': -0.026, 'driving_dist': -4.537, 'player_name': 'Blixt, Jonas', 'sg_app': -1.41, 'sg_arg': -0.04, 'sg_ott': -0.351, 'sg_putt': -0.157, 'sg_total': -1.958}"
2025-06-09 16:00:33 UTC,"{'dg_id': 12819, 'driving_acc': -0.074, 'driving_dist': 8.638, 'player_name': 'Bekker, Oliver', 'sg_app': -0.902, 'sg_arg': -0.19, 'sg_ott': -0.269, 'sg_putt': -0.612, 'sg_total': -1.973}"
2025-06-09 16:00:33 UTC,"{'dg_id': 23781, 'driving_acc': -0.061, 'driving_dist': -1.333, 'player_name': 'Hanna, Chase', 'sg_app': -1.138, 'sg_arg': -0.198, 'sg_ott': -0.705, 'sg_putt': 0.021, 'sg_total': -2.019}"
2025-06-09 16:00:33 UTC,"{'dg_id': 10423, 'driving_acc': -0.074, 'driving_dist': 7.88, 'player_name': 'Brehm, Ryan', 'sg_app': -0.85, 'sg_arg': -0.465, 'sg_ott': -0.256, 'sg_putt': -0.456, 'sg_total': -2.027}"
2025-06-09 16:00:33 UTC,"{'dg_id': 7293, 'driving_acc': -0.077, 'driving_dist': 0.395, 'player_name': 'Walker, Jimmy', 'sg_app': -0.803, 'sg_arg': -0.19, 'sg_ott': -0.681, 'sg_putt': -0.4, 'sg_total': -2.074}"
2025-06-09 16:00:33 UTC,"{'dg_id': 10886, 'driving_acc': -0.054, 'driving_dist': -8.55, 'player_name': 'Harding, Justin', 'sg_app': -1.02, 'sg_arg': -0.141, 'sg_ott': -0.986, 'sg_putt': 0.072, 'sg_total': -2.075}"
2025-06-09 16:00:33 UTC,"{'dg_id': 7820, 'driving_acc': -0.006, 'driving_dist': -6.379, 'player_name': 'Palmer, Ryan', 'sg_app': -0.929, 'sg_arg': -0.174, 'sg_ott': -0.327, 'sg_putt': -0.673, 'sg_total': -2.103}"
2025-06-09 16:00:33 UTC,"{'dg_id': 16566, 'driving_acc': -0.06, 'driving_dist': 8.963, 'player_name': 'Barjon, Paul', 'sg_app': -1.086, 'sg_arg': -0.604, 'sg_ott': -0.176, 'sg_putt': -0.258, 'sg_total': -2.124}"
2025-06-09 16:00:33 UTC,"{'dg_id': 24660, 'driving_acc': -0.063, 'driving_dist': -15.809, 'player_name': 'Kjettrup, Frederik', 'sg_app': -0.441, 'sg_arg': -0.322, 'sg_ott': -1.525, 'sg_putt': 0.091, 'sg_total': -2.197}"
2025-06-09 16:00:33 UTC,"{'dg_id': 12318, 'driving_acc': -0.082, 'driving_dist': 2.11, 'player_name': 'Knappe, Alexander', 'sg_app': -1.356, 'sg_arg': -0.345, 'sg_ott': -0.522, 'sg_putt': 0.024, 'sg_total': -2.199}"
2025-06-09 16:00:33 UTC,"{'dg_id': 15016, 'driving_acc': -0.023, 'driving_dist': -11.499, 'player_name': 'Schwab, Matthias', 'sg_app': -0.887, 'sg_arg': -0.007, 'sg_ott': -1.034, 'sg_putt': -0.281, 'sg_total': -2.208}"
2025-06-09 16:00:33 UTC,"{'dg_id': 11061, 'driving_acc': 0.056, 'driving_dist': -20.636, 'player_name': 'Morrison, James', 'sg_app': -1.19, 'sg_arg': -0.116, 'sg_ott': -0.767, 'sg_putt': -0.186, 'sg_total': -2.258}"
2025-06-09 16:00:33 UTC,"{'dg_id': 7084, 'driving_acc': -0.013, 'driving_dist': -10.701, 'player_name': 'Donaldson, Jamie', 'sg_app': -1.278, 'sg_arg': -0.264, 'sg_ott': -0.904, 'sg_putt': 0.146, 'sg_total': -2.3}"
2025-06-09 16:00:33 UTC,"{'dg_id': 13731, 'driving_acc': -0.051, 'driving_dist': -0.93, 'player_name': 'Strydom, Ockie', 'sg_app': -1.056, 'sg_arg': -0.334, 'sg_ott': -0.461, 'sg_putt': -0.526, 'sg_total': -2.378}"
2025-06-09 16:00:33 UTC,"{'dg_id': 12821, 'driving_acc': -0.122, 'driving_dist': 4.889, 'player_name': 'De Jager, Louis', 'sg_app': -1.087, 'sg_arg': -0.097, 'sg_ott': -0.896, 'sg_putt': -0.332, 'sg_total': -2.412}"
2025-06-09 16:00:33 UTC,"{'dg_id': 14409, 'driving_acc': -0.034, 'driving_dist': -8.871, 'player_name': 'Wiebe, Gunner', 'sg_app': -1.082, 'sg_arg': -0.351, 'sg_ott': -0.829, 'sg_putt': -0.177, 'sg_total': -2.44}"
2025-06-09 16:00:33 UTC,"{'dg_id': 5647, 'driving_acc': -0.041, 'driving_dist': -7.393, 'player_name': 'Gallacher, Stephen', 'sg_app': -1.188, 'sg_arg': -0.275, 'sg_ott': -0.754, 'sg_putt': -0.244, 'sg_total': -2.461}"
2025-06-09 16:00:33 UTC,"{'dg_id': 14120, 'driving_acc': -0.052, 'driving_dist': -5.67, 'player_name': 'Samooja, Kalle', 'sg_app': -0.883, 'sg_arg': -0.269, 'sg_ott': -0.984, 'sg_putt': -0.407, 'sg_total': -2.543}"
2025-06-09 16:00:33 UTC,"{'dg_id': 23016, 'driving_acc': -0.077, 'driving_dist': -0.015, 'player_name': 'Bachem, Nick', 'sg_app': -1.246, 'sg_arg': -0.133, 'sg_ott': -0.772, 'sg_putt': -0.435, 'sg_total': -2.586}"
2025-06-09 16:00:33 UTC,"{'dg_id': 11641, 'driving_acc': -0.108, 'driving_dist': -6.628, 'player_name': 'Kim, Anthony', 'sg_app': -0.988, 'sg_arg': -0.136, 'sg_ott': -1.121, 'sg_putt': -0.429, 'sg_total': -2.674}"
2025-06-09 16:00:33 UTC,"{'dg_id': 18241, 'driving_acc': -0.135, 'driving_dist': -8.411, 'player_name': 'Gavins, Daniel', 'sg_app': -1.037, 'sg_arg': -0.04, 'sg_ott': -1.629, 'sg_putt': -0.026, 'sg_total': -2.732}"
2025-06-09 16:00:33 UTC,"{'dg_id': 7881, 'driving_acc': -0.065, 'driving_dist': -10.897, 'player_name': 'Kang, Sung', 'sg_app': -1.337, 'sg_arg': -0.25, 'sg_ott': -1.157, 'sg_putt': -0.31, 'sg_total': -3.055}"
2025-06-09 16:00:33 UTC,"{'dg_id': 15634, 'driving_acc': -0.119, 'driving_dist': -2.29, 'player_name': 'Trainer, Martin', 'sg_app': -1.826, 'sg_arg': -0.233, 'sg_ott': -1.4, 'sg_putt': -0.074, 'sg_total': -3.532}"
2025-06-09 16:00:33 UTC,"{'dg_id': 14706, 'driving_acc': -0.097, 'driving_dist': -4.027, 'player_name': 'Swafford, Hudson', 'sg_app': -1.193, 'sg_arg': -0.622, 'sg_ott': -1.439, 'sg_putt': -0.303, 'sg_total': -3.557}"
