current_round,event_id,event_name,field,last_updated
1,26,U.S. Open,"{'am': 0, 'country': 'SWE', 'course': 'Oakmont Country Club', 'dg_id': 23950, 'dk_id': '39052680', 'dk_salary': 9600, 'early_late': 1, 'fd_id': '117709-163390', 'fd_salary': 11500, 'flag': 'SWE', 'pga_number': 52955, 'player_name': 'Aberg, Ludvig', 'r1_teetime': '2025-06-12 07:18', 'r2_teetime': '2025-06-13 13:03', 'r3_teetime': None, 'r4_teetime': None, 'start_hole': 10, 'unofficial': 0, 'yh_id': 'golf.p.22880$golf.g.202524', 'yh_salary': 42.0}",2025-06-12 00:28:28 UTC
1,26,U.S. Open,"{'am': 0, 'country': 'KOR', 'course': 'Oakmont Country Club', 'dg_id': 14459, 'dk_id': '39052720', 'dk_salary': 6500, 'early_late': 0, 'fd_id': '117709-77805', 'fd_salary': 8000, 'flag': 'KOR', 'pga_number': 33948, 'player_name': 'An, Byeong Hun', 'r1_teetime': '2025-06-12 12:41', 'r2_teetime': '2025-06-13 06:56', 'r3_teetime': None, 'r4_teetime': None, 'start_hole': 1, 'unofficial': 0, 'yh_id': 'golf.p.10964$golf.g.202524', 'yh_salary': 24.0}",2025-06-12 00:28:28 UTC
1,26,U.S. Open,"{'am': 0, 'country': 'ENG', 'course': 'Oakmont Country Club', 'dg_id': 28615, 'dk_id': '39052757', 'dk_salary': 5900, 'early_late': 0, 'fd_id': '117709-155184', 'fd_salary': 7600, 'flag': 'ENG', 'pga_number': 60369, 'player_name': 'Bairstow, Sam', 'r1_teetime': '2025-06-12 12:30', 'r2_teetime': '2025-06-13 06:45', 'r3_teetime': None, 'r4_teetime': None, 'start_hole': 1, 'unofficial': 0, 'yh_id': 'golf.p.24039$golf.g.202524', 'yh_salary': 26.0}",2025-06-12 00:28:28 UTC
1,26,U.S. Open,"{'am': 0, 'country': 'ESP', 'course': 'Oakmont Country Club', 'dg_id': 28473, 'dk_id': '39052801', 'dk_salary': 5200, 'early_late': 1, 'fd_id': '117709-189310', 'fd_salary': 7200, 'flag': 'ESP', 'pga_number': 60165, 'player_name': 'Ballester, Jose Luis', 'r1_teetime': '2025-06-12 07:29', 'r2_teetime': '2025-06-13 13:14', 'r3_teetime': None, 'r4_teetime': None, 'start_hole': 1, 'unofficial': 0, 'yh_id': 'golf.p.25495$golf.g.202524', 'yh_salary': 20.0}",2025-06-12 00:28:28 UTC
1,26,U.S. Open,"{'am': 0, 'country': 'USA', 'course': 'Oakmont Country Club', 'dg_id': 21993, 'dk_id': '39052799', 'dk_salary': 5200, 'early_late': 1, 'fd_id': '117709-77829', 'fd_salary': 7000, 'flag': 'USA', 'pga_number': 50157, 'player_name': 'Barbaree, Philip', 'r1_teetime': '2025-06-12 08:57', 'r2_teetime': '2025-06-13 14:42', 'r3_teetime': None, 'r4_teetime': None, 'start_hole': 1, 'unofficial': 0, 'yh_id': 'n/a', 'yh_salary': 0.0}",2025-06-12 00:28:28 UTC
1,26,U.S. Open,"{'am': 0, 'country': 'USA', 'course': 'Oakmont Country Club', 'dg_id': 19846, 'dk_id': '39052778', 'dk_salary': 5500, 'early_late': 1, 'fd_id': '117709-85239', 'fd_salary': 7000, 'flag': 'USA', 'pga_number': 48001, 'player_name': 'Bauchou, Zach', 'r1_teetime': '2025-06-12 08:57', 'r2_teetime': '2025-06-13 14:42', 'r3_teetime': None, 'r4_teetime': None, 'start_hole': 10, 'unofficial': 0, 'yh_id': 'golf.p.19938$golf.g.202524', 'yh_salary': 20.0}",2025-06-12 00:28:28 UTC
1,26,U.S. Open,"{'am': 1, 'country': 'USA', 'course': 'Oakmont Country Club', 'dg_id': 22025, 'dk_id': '39052802', 'dk_salary': 5200, 'early_late': 1, 'fd_id': '117709-222308', 'fd_salary': 7000, 'flag': 'USA', 'pga_number': 45618, 'player_name': 'Beck, Evan', 'r1_teetime': '2025-06-12 07:07', 'r2_teetime': '2025-06-13 12:52', 'r3_teetime': None, 'r4_teetime': None, 'start_hole': 1, 'unofficial': 0, 'yh_id': 'golf.p.20981$golf.g.202524', 'yh_salary': 20.0}",2025-06-12 00:28:28 UTC
1,26,U.S. Open,"{'am': 0, 'country': 'USA', 'course': 'Oakmont Country Club', 'dg_id': 17606, 'dk_id': '39052709', 'dk_salary': 6800, 'early_late': 0, 'fd_id': '117709-77848', 'fd_salary': 9000, 'flag': 'USA', 'pga_number': 40026, 'player_name': 'Berger, Daniel', 'r1_teetime': '2025-06-12 13:47', 'r2_teetime': '2025-06-13 08:02', 'r3_teetime': None, 'r4_teetime': None, 'start_hole': 1, 'unofficial': 0, 'yh_id': 'golf.p.13967$golf.g.202524', 'yh_salary': 30.0}",2025-06-12 00:28:28 UTC
1,26,U.S. Open,"{'am': 0, 'country': 'RSA', 'course': 'Oakmont Country Club', 'dg_id': 18103, 'dk_id': '39052730', 'dk_salary': 6300, 'early_late': 0, 'fd_id': '117709-110898', 'fd_salary': 8600, 'flag': 'RSA', 'pga_number': 45522, 'player_name': 'Bezuidenhout, Christiaan', 'r1_teetime': '2025-06-12 13:03', 'r2_teetime': '2025-06-13 07:18', 'r3_teetime': None, 'r4_teetime': None, 'start_hole': 10, 'unofficial': 0, 'yh_id': 'golf.p.14326$golf.g.202524', 'yh_salary': 21.0}",2025-06-12 00:28:28 UTC
1,26,U.S. Open,"{'am': 0, 'country': 'USA', 'course': 'Oakmont Country Club', 'dg_id': 26096, 'dk_id': '39052713', 'dk_salary': 6700, 'early_late': 1, 'fd_id': '117709-103030', 'fd_salary': 9200, 'flag': 'USA', 'pga_number': 56630, 'player_name': 'Bhatia, Akshay', 'r1_teetime': '2025-06-12 07:51', 'r2_teetime': '2025-06-13 13:36', 'r3_teetime': None, 'r4_teetime': None, 'start_hole': 1, 'unofficial': 0, 'yh_id': 'golf.p.23159$golf.g.202524', 'yh_salary': 29.0}",2025-06-12 00:28:28 UTC
1,26,U.S. Open,"{'am': 0, 'country': 'USA', 'course': 'Oakmont Country Club', 'dg_id': 17639, 'dk_id': '39052779', 'dk_salary': 5500, 'early_late': 1, 'fd_id': '117709-77862', 'fd_salary': 7000, 'flag': 'USA', 'pga_number': 40058, 'player_name': 'Blair, Zac', 'r1_teetime': '2025-06-12 06:45', 'r2_teetime': '2025-06-13 12:30', 'r3_teetime': None, 'r4_teetime': None, 'start_hole': 10, 'unofficial': 0, 'yh_id': 'golf.p.14011$golf.g.202524', 'yh_salary': 20.0}",2025-06-12 00:28:28 UTC
1,26,U.S. Open,"{'am': 0, 'country': 'USA', 'course': 'Oakmont Country Club', 'dg_id': 24956, 'dk_id': '39052791', 'dk_salary': 5300, 'early_late': 1, 'fd_id': '117709-180875', 'fd_salary': 7100, 'flag': 'USA', 'pga_number': 54788, 'player_name': 'Blanchet, Chandler', 'r1_teetime': '2025-06-12 06:56', 'r2_teetime': '2025-06-13 12:41', 'r3_teetime': None, 'r4_teetime': None, 'start_hole': 1, 'unofficial': 0, 'yh_id': 'golf.p.23466$golf.g.202524', 'yh_salary': 20.0}",2025-06-12 00:28:28 UTC
1,26,U.S. Open,"{'am': 0, 'country': 'ENG', 'course': 'Oakmont Country Club', 'dg_id': 6516, 'dk_id': '39052750', 'dk_salary': 6000, 'early_late': 1, 'fd_id': '117709-77865', 'fd_salary': 7200, 'flag': 'ENG', 'pga_number': 45836, 'player_name': 'Bland, Richard', 'r1_teetime': '2025-06-12 08:13', 'r2_teetime': '2025-06-13 13:58', 'r3_teetime': None, 'r4_teetime': None, 'start_hole': 1, 'unofficial': 0, 'yh_id': 'golf.p.1068$golf.g.202524', 'yh_salary': 20.0}",2025-06-12 00:28:28 UTC
1,26,U.S. Open,"{'am': 0, 'country': 'USA', 'course': 'Oakmont Country Club', 'dg_id': 13872, 'dk_id': '39052693', 'dk_salary': 7400, 'early_late': 1, 'fd_id': '117709-77881', 'fd_salary': 9300, 'flag': 'USA', 'pga_number': 33141, 'player_name': 'Bradley, Keegan', 'r1_teetime': '2025-06-12 07:18', 'r2_teetime': '2025-06-13 13:03', 'r3_teetime': None, 'r4_teetime': None, 'start_hole': 1, 'unofficial': 0, 'yh_id': 'golf.p.10143$golf.g.202524', 'yh_salary': 37.0}",2025-06-12 00:28:28 UTC
1,26,U.S. Open,"{'am': 0, 'country': 'USA', 'course': 'Oakmont Country Club', 'dg_id': 29433, 'dk_id': '39052735', 'dk_salary': 6200, 'early_late': 0, 'fd_id': '117709-169771', 'fd_salary': 8400, 'flag': 'USA', 'pga_number': 60004, 'player_name': 'Bridgeman, Jacob', 'r1_teetime': '2025-06-12 12:52', 'r2_teetime': '2025-06-13 07:07', 'r3_teetime': None, 'r4_teetime': None, 'start_hole': 1, 'unofficial': 0, 'yh_id': 'golf.p.24245$golf.g.202524', 'yh_salary': 20.0}",2025-06-12 00:28:28 UTC
1,26,U.S. Open,"{'am': 0, 'country': 'USA', 'course': 'Oakmont Country Club', 'dg_id': 32333, 'dk_id': '39052796', 'dk_salary': 5300, 'early_late': 1, 'fd_id': '117709-202494', 'fd_salary': 7000, 'flag': 'USA', 'pga_number': 66742, 'player_name': 'Buchanan, Jackson', 'r1_teetime': '2025-06-12 08:57', 'r2_teetime': '2025-06-13 14:42', 'r3_teetime': None, 'r4_teetime': None, 'start_hole': 10, 'unofficial': 0, 'yh_id': 'golf.p.25926$golf.g.202524', 'yh_salary': 20.0}",2025-06-12 00:28:28 UTC
1,26,U.S. Open,"{'am': 0, 'country': 'USA', 'course': 'Oakmont Country Club', 'dg_id': 19483, 'dk_id': '39052699', 'dk_salary': 7100, 'early_late': 0, 'fd_id': '117709-77904', 'fd_salary': 9200, 'flag': 'USA', 'pga_number': 47504, 'player_name': 'Burns, Sam', 'r1_teetime': '2025-06-12 13:14', 'r2_teetime': '2025-06-13 07:29', 'r3_teetime': None, 'r4_teetime': None, 'start_hole': 1, 'unofficial': 0, 'yh_id': 'golf.p.19107$golf.g.202524', 'yh_salary': 28.0}",2025-06-12 00:28:28 UTC
1,26,U.S. Open,"{'am': 0, 'country': 'USA', 'course': 'Oakmont Country Club', 'dg_id': 29766, 'dk_id': '39052813', 'dk_salary': 5000, 'early_late': 1, 'fd_id': '117709-170786', 'fd_salary': 7000, 'flag': 'USA', 'pga_number': 56742, 'player_name': 'Calkins, Brady', 'r1_teetime': '2025-06-12 08:57', 'r2_teetime': '2025-06-13 14:42', 'r3_teetime': None, 'r4_teetime': None, 'start_hole': 1, 'unofficial': 0, 'yh_id': 'n/a', 'yh_salary': 0.0}",2025-06-12 00:28:28 UTC
1,26,U.S. Open,"{'am': 0, 'country': 'USA', 'course': 'Oakmont Country Club', 'dg_id': 18628, 'dk_id': '39052793', 'dk_salary': 5300, 'early_late': 1, 'fd_id': '117709-77911', 'fd_salary': 7000, 'flag': 'USA', 'pga_number': 46443, 'player_name': 'Campbell, Brian', 'r1_teetime': '2025-06-12 08:13', 'r2_teetime': '2025-06-13 13:58', 'r3_teetime': None, 'r4_teetime': None, 'start_hole': 10, 'unofficial': 0, 'yh_id': 'golf.p.18458$golf.g.202524', 'yh_salary': 31.0}",2025-06-12 00:28:28 UTC
1,26,U.S. Open,"{'am': 0, 'country': 'ENG', 'course': 'Oakmont Country Club', 'dg_id': 14795, 'dk_id': '39052761', 'dk_salary': 5800, 'early_late': 0, 'fd_id': '117709-79351', 'fd_salary': 7000, 'flag': 'ENG', 'pga_number': 34362, 'player_name': 'Canter, Laurie', 'r1_teetime': '2025-06-12 14:20', 'r2_teetime': '2025-06-13 08:35', 'r3_teetime': None, 'r4_teetime': None, 'start_hole': 1, 'unofficial': 0, 'yh_id': 'golf.p.11220$golf.g.202524', 'yh_salary': 21.0}",2025-06-12 00:28:28 UTC
1,26,U.S. Open,"{'am': 0, 'country': 'USA', 'course': 'Oakmont Country Club', 'dg_id': 15466, 'dk_id': '39052681', 'dk_salary': 9300, 'early_late': 1, 'fd_id': '117709-79435', 'fd_salary': 10800, 'flag': 'USA', 'pga_number': 35450, 'player_name': 'Cantlay, Patrick', 'r1_teetime': '2025-06-12 07:51', 'r2_teetime': '2025-06-13 13:36', 'r3_teetime': None, 'r4_teetime': None, 'start_hole': 10, 'unofficial': 0, 'yh_id': 'golf.p.11704$golf.g.202524', 'yh_salary': 38.0}",2025-06-12 00:28:28 UTC
1,26,U.S. Open,"{'am': 0, 'country': 'USA', 'course': 'Oakmont Country Club', 'dg_id': 14502, 'dk_id': '39052743', 'dk_salary': 6100, 'early_late': 0, 'fd_id': '117709-77925', 'fd_salary': 7900, 'flag': 'USA', 'pga_number': 34021, 'player_name': 'Cauley, Bud', 'r1_teetime': '2025-06-12 13:47', 'r2_teetime': '2025-06-13 08:02', 'r3_teetime': None, 'r4_teetime': None, 'start_hole': 1, 'unofficial': 0, 'yh_id': 'golf.p.10999$golf.g.202524', 'yh_salary': 20.0}",2025-06-12 00:28:28 UTC
1,26,U.S. Open,"{'am': 0, 'country': 'USA', 'course': 'Oakmont Country Club', 'dg_id': 31212, 'dk_id': '39052794', 'dk_salary': 5300, 'early_late': 0, 'fd_id': '117709-222384', 'fd_salary': 7000, 'flag': 'USA', 'pga_number': 58933, 'player_name': 'Chandler, Will', 'r1_teetime': '2025-06-12 12:30', 'r2_teetime': '2025-06-13 06:45', 'r3_teetime': None, 'r4_teetime': None, 'start_hole': 10, 'unofficial': 0, 'yh_id': 'golf.p.25815$golf.g.202524', 'yh_salary': 20.0}",2025-06-12 00:28:28 UTC
1,26,U.S. Open,"{'am': 0, 'country': 'USA', 'course': 'Oakmont Country Club', 'dg_id': 23604, 'dk_id': '39052702', 'dk_salary': 7000, 'early_late': 1, 'fd_id': '117709-80788', 'fd_salary': 9700, 'flag': 'USA', 'pga_number': 51766, 'player_name': 'Clark, Wyndham', 'r1_teetime': '2025-06-12 07:40', 'r2_teetime': '2025-06-13 13:25', 'r3_teetime': None, 'r4_teetime': None, 'start_hole': 1, 'unofficial': 0, 'yh_id': 'golf.p.21868$golf.g.202524', 'yh_salary': 33.0}",2025-06-12 00:28:28 UTC
1,26,U.S. Open,"{'am': 0, 'country': 'USA', 'course': 'Oakmont Country Club', 'dg_id': 21756, 'dk_id': '39080731', 'dk_salary': 6100, 'early_late': 1, 'fd_id': '117709-151428', 'fd_salary': 7900, 'flag': 'USA', 'pga_number': 47591, 'player_name': 'Cole, Eric', 'r1_teetime': '2025-06-12 06:56', 'r2_teetime': '2025-06-13 12:41', 'r3_teetime': None, 'r4_teetime': None, 'start_hole': 10, 'unofficial': 0, 'yh_id': 'golf.p.20887$golf.g.202524', 'yh_salary': 22.0}",2025-06-12 00:28:28 UTC
1,26,U.S. Open,"{'am': 0, 'country': 'USA', 'course': 'Oakmont Country Club', 'dg_id': 21880, 'dk_id': '39052809', 'dk_salary': 5100, 'early_late': 0, 'fd_id': '117709-179514', 'fd_salary': 7000, 'flag': 'USA', 'pga_number': 49453, 'player_name': 'Cone, Trevor', 'r1_teetime': '2025-06-12 14:20', 'r2_teetime': '2025-06-13 08:35', 'r3_teetime': None, 'r4_teetime': None, 'start_hole': 10, 'unofficial': 0, 'yh_id': 'golf.p.21355$golf.g.202524', 'yh_salary': 20.0}",2025-06-12 00:28:28 UTC
1,26,U.S. Open,"{'am': 0, 'country': 'CAN', 'course': 'Oakmont Country Club', 'dg_id': 17576, 'dk_id': '39052695', 'dk_salary': 7300, 'early_late': 0, 'fd_id': '117709-77966', 'fd_salary': 9800, 'flag': 'CAN', 'pga_number': 39997, 'player_name': 'Conners, Corey', 'r1_teetime': '2025-06-12 13:36', 'r2_teetime': '2025-06-13 07:51', 'r3_teetime': None, 'r4_teetime': None, 'start_hole': 1, 'unofficial': 0, 'yh_id': 'golf.p.14036$golf.g.202524', 'yh_salary': 35.0}",2025-06-12 00:28:28 UTC
1,26,U.S. Open,"{'am': 0, 'country': 'AUS', 'course': 'Oakmont Country Club', 'dg_id': 17786, 'dk_id': '39052736', 'dk_salary': 6200, 'early_late': 1, 'fd_id': '117709-77994', 'fd_salary': 7800, 'flag': 'AUS', 'pga_number': 45157, 'player_name': 'Davis, Cam', 'r1_teetime': '2025-06-12 08:02', 'r2_teetime': '2025-06-13 13:47', 'r3_teetime': None, 'r4_teetime': None, 'start_hole': 1, 'unofficial': 0, 'yh_id': 'golf.p.21332$golf.g.202524', 'yh_salary': 21.0}",2025-06-12 00:28:28 UTC
1,26,U.S. Open,"{'am': 0, 'country': 'AUS', 'course': 'Oakmont Country Club', 'dg_id': 9771, 'dk_id': '39052703', 'dk_salary': 6900, 'early_late': 0, 'fd_id': '117709-77997', 'fd_salary': 9300, 'flag': 'AUS', 'pga_number': 28089, 'player_name': 'Day, Jason', 'r1_teetime': '2025-06-12 13:36', 'r2_teetime': '2025-06-13 07:51', 'r3_teetime': None, 'r4_teetime': None, 'start_hole': 1, 'unofficial': 0, 'yh_id': 'golf.p.7542$golf.g.202524', 'yh_salary': 28.0}",2025-06-12 00:28:28 UTC
1,26,U.S. Open,"{'am': 0, 'country': 'USA', 'course': 'Oakmont Country Club', 'dg_id': 19841, 'dk_id': '39052676', 'dk_salary': 11000, 'early_late': 1, 'fd_id': '117709-78005', 'fd_salary': 12500, 'flag': 'USA', 'pga_number': 47959, 'player_name': 'DeChambeau, Bryson', 'r1_teetime': '2025-06-12 07:29', 'r2_teetime': '2025-06-13 13:14', 'r3_teetime': None, 'r4_teetime': None, 'start_hole': 1, 'unofficial': 0, 'yh_id': 'golf.p.19918$golf.g.202524', 'yh_salary': 41.0}",2025-06-12 00:28:28 UTC
1,26,U.S. Open,"{'am': 0, 'country': 'BEL', 'course': 'Oakmont Country Club', 'dg_id': 14181, 'dk_id': '39052725', 'dk_salary': 6400, 'early_late': 1, 'fd_id': '117709-78011', 'fd_salary': 7900, 'flag': 'BEL', 'pga_number': 33653, 'player_name': 'Detry, Thomas', 'r1_teetime': '2025-06-12 08:02', 'r2_teetime': '2025-06-13 13:47', 'r3_teetime': None, 'r4_teetime': None, 'start_hole': 1, 'unofficial': 0, 'yh_id': 'golf.p.10714$golf.g.202524', 'yh_salary': 29.0}",2025-06-12 00:28:28 UTC
1,26,U.S. Open,"{'am': 0, 'country': 'MEX', 'course': 'Oakmont Country Club', 'dg_id': 15394, 'dk_id': '39052795', 'dk_salary': 5300, 'early_late': 0, 'fd_id': '117709-78013', 'fd_salary': 7000, 'flag': 'MEX', 'pga_number': 35376, 'player_name': 'Diaz, Roberto', 'r1_teetime': '2025-06-12 14:31', 'r2_teetime': '2025-06-13 08:46', 'r3_teetime': None, 'r4_teetime': None, 'start_hole': 1, 'unofficial': 0, 'yh_id': 'golf.p.12839$golf.g.202524', 'yh_salary': 20.0}",2025-06-12 00:28:28 UTC
1,26,U.S. Open,"{'am': 0, 'country': 'USA', 'course': 'Oakmont Country Club', 'dg_id': 24962, 'dk_id': '39052783', 'dk_salary': 5400, 'early_late': 1, 'fd_id': '117709-112144', 'fd_salary': 7000, 'flag': 'USA', 'pga_number': 51680, 'player_name': 'Docherty, Alistair', 'r1_teetime': '2025-06-12 06:45', 'r2_teetime': '2025-06-13 12:30', 'r3_teetime': None, 'r4_teetime': None, 'start_hole': 10, 'unofficial': 0, 'yh_id': 'golf.p.23381$golf.g.202524', 'yh_salary': 20.0}",2025-06-12 00:28:28 UTC
1,26,U.S. Open,"{'am': 0, 'country': 'USA', 'course': 'Oakmont Country Club', 'dg_id': 27350, 'dk_id': '39052823', 'dk_salary': 5000, 'early_late': 0, 'fd_id': '117709-226821', 'fd_salary': 7000, 'flag': 'USA', 'pga_number': 58186, 'player_name': 'Duangmanee, George', 'r1_teetime': '2025-06-12 14:42', 'r2_teetime': '2025-06-13 08:57', 'r3_teetime': None, 'r4_teetime': None, 'start_hole': 10, 'unofficial': 0, 'yh_id': 'n/a', 'yh_salary': 0.0}",2025-06-12 00:28:28 UTC
1,26,U.S. Open,"{'am': 0, 'country': 'USA', 'course': 'Oakmont Country Club', 'dg_id': 28270, 'dk_id': '39052780', 'dk_salary': 5500, 'early_late': 0, 'fd_id': '117709-170680', 'fd_salary': 7400, 'flag': 'USA', 'pga_number': 59866, 'player_name': 'Dunlap, Nick', 'r1_teetime': '2025-06-12 13:58', 'r2_teetime': '2025-06-13 08:13', 'r3_teetime': None, 'r4_teetime': None, 'start_hole': 10, 'unofficial': 0, 'yh_id': 'golf.p.23904$golf.g.202524', 'yh_salary': 21.0}",2025-06-12 00:28:28 UTC
1,26,U.S. Open,"{'am': 0, 'country': 'COL', 'course': 'Oakmont Country Club', 'dg_id': 22833, 'dk_id': '39052756', 'dk_salary': 5900, 'early_late': 0, 'fd_id': '117709-179513', 'fd_salary': 7700, 'flag': 'COL', 'pga_number': 51349, 'player_name': 'Echavarria, Nico', 'r1_teetime': '2025-06-12 13:14', 'r2_teetime': '2025-06-13 07:29', 'r3_teetime': None, 'r4_teetime': None, 'start_hole': 1, 'unofficial': 0, 'yh_id': 'golf.p.21410$golf.g.202524', 'yh_salary': 22.0}",2025-06-12 00:28:28 UTC
1,26,U.S. Open,"{'am': 0, 'country': 'USA', 'course': 'Oakmont Country Club', 'dg_id': 14577, 'dk_id': '39052714', 'dk_salary': 6700, 'early_late': 1, 'fd_id': '117709-78050', 'fd_salary': 9700, 'flag': 'USA', 'pga_number': 34099, 'player_name': 'English, Harris', 'r1_teetime': '2025-06-12 07:18', 'r2_teetime': '2025-06-13 13:03', 'r3_teetime': None, 'r4_teetime': None, 'start_hole': 1, 'unofficial': 0, 'yh_id': 'golf.p.11060$golf.g.202524', 'yh_salary': 37.0}",2025-06-12 00:28:28 UTC
1,26,U.S. Open,"{'am': 0, 'country': 'USA', 'course': 'Oakmont Country Club', 'dg_id': 11676, 'dk_id': '39052694', 'dk_salary': 7300, 'early_late': 0, 'fd_id': '117709-78078', 'fd_salary': 10300, 'flag': 'USA', 'pga_number': 29725, 'player_name': 'Finau, Tony', 'r1_teetime': '2025-06-12 13:58', 'r2_teetime': '2025-06-13 08:13', 'r3_teetime': None, 'r4_teetime': None, 'start_hole': 1, 'unofficial': 0, 'yh_id': 'golf.p.8805$golf.g.202524', 'yh_salary': 26.0}",2025-06-12 00:28:28 UTC
1,26,U.S. Open,"{'am': 0, 'country': 'ENG', 'course': 'Oakmont Country Club', 'dg_id': 17646, 'dk_id': '39052700', 'dk_salary': 7100, 'early_late': 1, 'fd_id': '117709-78083', 'fd_salary': 9600, 'flag': 'ENG', 'pga_number': 40098, 'player_name': 'Fitzpatrick, Matt', 'r1_teetime': '2025-06-12 07:40', 'r2_teetime': '2025-06-13 13:25', 'r3_teetime': None, 'r4_teetime': None, 'start_hole': 1, 'unofficial': 0, 'yh_id': 'golf.p.14004$golf.g.202524', 'yh_salary': 20.0}",2025-06-12 00:28:28 UTC
1,26,U.S. Open,"{'am': 0, 'country': 'ENG', 'course': 'Oakmont Country Club', 'dg_id': 12294, 'dk_id': '39052683', 'dk_salary': 8800, 'early_late': 1, 'fd_id': '117709-78084', 'fd_salary': 11200, 'flag': 'ENG', 'pga_number': 30911, 'player_name': 'Fleetwood, Tommy', 'r1_teetime': '2025-06-12 07:18', 'r2_teetime': '2025-06-13 13:03', 'r3_teetime': None, 'r4_teetime': None, 'start_hole': 1, 'unofficial': 0, 'yh_id': 'golf.p.9934$golf.g.202524', 'yh_salary': 39.0}",2025-06-12 00:28:28 UTC
1,26,U.S. Open,"{'am': 0, 'country': 'NZL', 'course': 'Oakmont Country Club', 'dg_id': 11889, 'dk_id': '39080732', 'dk_salary': 6800, 'early_late': 0, 'fd_id': '117709-78095', 'fd_salary': 8700, 'flag': 'NZL', 'pga_number': 29936, 'player_name': 'Fox, Ryan', 'r1_teetime': '2025-06-12 12:41', 'r2_teetime': '2025-06-13 06:56', 'r3_teetime': None, 'r4_teetime': None, 'start_hole': 1, 'unofficial': 0, 'yh_id': 'golf.p.8916$golf.g.202524', 'yh_salary': 22.0}",2025-06-12 00:28:28 UTC
1,26,U.S. Open,"{'am': 0, 'country': 'USA', 'course': 'Oakmont Country Club', 'dg_id': 29767, 'dk_id': '39052744', 'dk_salary': 6100, 'early_late': 1, 'fd_id': '117709-170740', 'fd_salary': 8100, 'flag': 'USA', 'pga_number': 59018, 'player_name': 'Gerard, Ryan', 'r1_teetime': '2025-06-12 08:24', 'r2_teetime': '2025-06-13 14:09', 'r3_teetime': None, 'r4_teetime': None, 'start_hole': 1, 'unofficial': 0, 'yh_id': 'golf.p.24341$golf.g.202524', 'yh_salary': 20.0}",2025-06-12 00:28:28 UTC
1,26,U.S. Open,"{'am': 0, 'country': 'USA', 'course': 'Oakmont Country Club', 'dg_id': 24550, 'dk_id': '39080733', 'dk_salary': 5900, 'early_late': 1, 'fd_id': '117709-82444', 'fd_salary': 8100, 'flag': 'USA', 'pga_number': 52375, 'player_name': 'Ghim, Doug', 'r1_teetime': '2025-06-12 06:56', 'r2_teetime': '2025-06-13 12:41', 'r3_teetime': None, 'r4_teetime': None, 'start_hole': 1, 'unofficial': 0, 'yh_id': 'golf.p.22376$golf.g.202524', 'yh_salary': 32.0}",2025-06-12 00:28:28 UTC
1,26,U.S. Open,"{'am': 0, 'country': 'USA', 'course': 'Oakmont Country Club', 'dg_id': 7399, 'dk_id': '39052737', 'dk_salary': 6200, 'early_late': 1, 'fd_id': '117709-78135', 'fd_salary': 7800, 'flag': 'USA', 'pga_number': 25900, 'player_name': 'Glover, Lucas', 'r1_teetime': '2025-06-12 07:51', 'r2_teetime': '2025-06-13 13:36', 'r3_teetime': None, 'r4_teetime': None, 'start_hole': 10, 'unofficial': 0, 'yh_id': 'golf.p.4809$golf.g.202524', 'yh_salary': 25.0}",2025-06-12 00:28:28 UTC
1,26,U.S. Open,"{'am': 0, 'country': 'MEX', 'course': 'Oakmont Country Club', 'dg_id': 28016, 'dk_id': '39052787', 'dk_salary': 5400, 'early_late': 0, 'fd_id': '117709-199518', 'fd_salary': 7100, 'flag': 'MEX', 'pga_number': 59567, 'player_name': 'Gonzalez, Emilio', 'r1_teetime': '2025-06-12 14:31', 'r2_teetime': '2025-06-13 08:46', 'r3_teetime': None, 'r4_teetime': None, 'start_hole': 1, 'unofficial': 0, 'yh_id': 'golf.p.24584$golf.g.202524', 'yh_salary': 20.0}",2025-06-12 00:28:28 UTC
1,26,U.S. Open,"{'am': 0, 'country': 'USA', 'course': 'Oakmont Country Club', 'dg_id': 27774, 'dk_id': '39052785', 'dk_salary': 5400, 'early_late': 1, 'fd_id': '117709-165988', 'fd_salary': 7000, 'flag': 'USA', 'pga_number': 59095, 'player_name': 'Gotterup, Chris', 'r1_teetime': '2025-06-12 08:46', 'r2_teetime': '2025-06-13 14:31', 'r3_teetime': None, 'r4_teetime': None, 'start_hole': 10, 'unofficial': 0, 'yh_id': 'golf.p.23664$golf.g.202524', 'yh_salary': 20.0}",2025-06-12 00:28:28 UTC
1,26,U.S. Open,"{'am': 0, 'country': 'USA', 'course': 'Oakmont Country Club', 'dg_id': 23465, 'dk_id': '39052728', 'dk_salary': 6400, 'early_late': 0, 'fd_id': '117709-80556', 'fd_salary': 7900, 'flag': 'USA', 'pga_number': 51977, 'player_name': 'Greyserman, Max', 'r1_teetime': '2025-06-12 12:52', 'r2_teetime': '2025-06-13 07:07', 'r3_teetime': None, 'r4_teetime': None, 'start_hole': 10, 'unofficial': 0, 'yh_id': 'golf.p.21803$golf.g.202524', 'yh_salary': 24.0}",2025-06-12 00:28:28 UTC
1,26,U.S. Open,"{'am': 0, 'country': 'USA', 'course': 'Oakmont Country Club', 'dg_id': 24968, 'dk_id': '39052697', 'dk_salary': 7200, 'early_late': 1, 'fd_id': '117709-101764', 'fd_salary': 10400, 'flag': 'USA', 'pga_number': 54591, 'player_name': 'Griffin, Ben', 'r1_teetime': '2025-06-12 07:29', 'r2_teetime': '2025-06-13 13:14', 'r3_teetime': None, 'r4_teetime': None, 'start_hole': 10, 'unofficial': 0, 'yh_id': 'golf.p.22821$golf.g.202524', 'yh_salary': 38.0}",2025-06-12 00:28:28 UTC
1,26,U.S. Open,"{'am': 0, 'country': 'USA', 'course': 'Oakmont Country Club', 'dg_id': 15330, 'dk_id': '39052797', 'dk_salary': 5200, 'early_late': 1, 'fd_id': '117709-79480', 'fd_salary': 7000, 'flag': 'USA', 'pga_number': 35310, 'player_name': 'Griffin, Lanto', 'r1_teetime': '2025-06-12 08:13', 'r2_teetime': '2025-06-13 13:58', 'r3_teetime': None, 'r4_teetime': None, 'start_hole': 1, 'unofficial': 0, 'yh_id': 'golf.p.11626$golf.g.202524', 'yh_salary': 20.0}",2025-06-12 00:28:28 UTC
1,26,U.S. Open,"{'am': 0, 'country': 'ARG', 'course': 'Oakmont Country Club', 'dg_id': 12808, 'dk_id': '39052765', 'dk_salary': 5700, 'early_late': 0, 'fd_id': '117709-78154', 'fd_salary': 7700, 'flag': 'ARG', 'pga_number': 31646, 'player_name': 'Grillo, Emiliano', 'r1_teetime': '2025-06-12 12:30', 'r2_teetime': '2025-06-13 06:45', 'r3_teetime': None, 'r4_teetime': None, 'start_hole': 1, 'unofficial': 0, 'yh_id': 'golf.p.11523$golf.g.202524', 'yh_salary': 28.0}",2025-06-12 00:28:28 UTC
1,26,U.S. Open,"{'am': 1, 'country': 'USA', 'course': 'Oakmont Country Club', 'dg_id': 32684, 'dk_id': '39052818', 'dk_salary': 5000, 'early_late': 1, 'fd_id': '117709-222310', 'fd_salary': 7000, 'flag': 'USA', 'pga_number': 67203, 'player_name': 'Gutschewski, Trevor', 'r1_teetime': '2025-06-12 08:13', 'r2_teetime': '2025-06-13 13:58', 'r3_teetime': None, 'r4_teetime': None, 'start_hole': 1, 'unofficial': 0, 'yh_id': 'golf.p.26034$golf.g.202524', 'yh_salary': 20.0}",2025-06-12 00:28:28 UTC
1,26,U.S. Open,"{'am': 1, 'country': 'USA', 'course': 'Oakmont Country Club', 'dg_id': 30034233, 'dk_id': '39052819', 'dk_salary': 5000, 'early_late': 0, 'fd_id': '117709-226951', 'fd_salary': 7000, 'flag': 'USA', 'pga_number': 59601, 'player_name': 'Haefner, Grant', 'r1_teetime': '2025-06-12 14:42', 'r2_teetime': '2025-06-13 08:57', 'r3_teetime': None, 'r4_teetime': None, 'start_hole': 1, 'unofficial': 0, 'yh_id': 'n/a', 'yh_salary': 0.0}",2025-06-12 00:28:28 UTC
1,26,U.S. Open,"{'am': 0, 'country': 'USA', 'course': 'Oakmont Country Club', 'dg_id': 11374, 'dk_id': '39052792', 'dk_salary': 5300, 'early_late': 1, 'fd_id': '117709-78169', 'fd_salary': 7000, 'flag': 'USA', 'pga_number': 32448, 'player_name': 'Hahn, James', 'r1_teetime': '2025-06-12 08:35', 'r2_teetime': '2025-06-13 14:20', 'r3_teetime': None, 'r4_teetime': None, 'start_hole': 10, 'unofficial': 0, 'yh_id': 'golf.p.10606$golf.g.202524', 'yh_salary': 20.0}",2025-06-12 00:28:28 UTC
1,26,U.S. Open,"{'am': 0, 'country': 'USA', 'course': 'Oakmont Country Club', 'dg_id': 8825, 'dk_id': '39052721', 'dk_salary': 6500, 'early_late': 1, 'fd_id': '117709-78187', 'fd_salary': 9600, 'flag': 'USA', 'pga_number': 27644, 'player_name': 'Harman, Brian', 'r1_teetime': '2025-06-12 08:02', 'r2_teetime': '2025-06-13 13:47', 'r3_teetime': None, 'r4_teetime': None, 'start_hole': 10, 'unofficial': 0, 'yh_id': 'golf.p.6937$golf.g.202524', 'yh_salary': 31.0}",2025-06-12 00:28:28 UTC
1,26,U.S. Open,"{'am': 1, 'country': 'USA', 'course': 'Oakmont Country Club', 'dg_id': 30029940, 'dk_id': '39052812', 'dk_salary': 5100, 'early_late': 0, 'fd_id': '117709-226957', 'fd_salary': 7000, 'flag': 'USA', 'pga_number': 68606, 'player_name': 'Harris, Frankie', 'r1_teetime': '2025-06-12 14:31', 'r2_teetime': '2025-06-13 08:46', 'r3_teetime': None, 'r4_teetime': None, 'start_hole': 1, 'unofficial': 0, 'yh_id': 'n/a', 'yh_salary': 0.0}",2025-06-12 00:28:28 UTC
1,26,U.S. Open,"{'am': 1, 'country': 'CAY', 'course': 'Oakmont Country Club', 'dg_id': 31960, 'dk_id': '39052803', 'dk_salary': 5200, 'early_late': 0, 'fd_id': '117709-199102', 'fd_salary': 7000, 'flag': 'CAY', 'pga_number': 66248, 'player_name': 'Hastings, Justin', 'r1_teetime': '2025-06-12 14:20', 'r2_teetime': '2025-06-13 08:35', 'r3_teetime': None, 'r4_teetime': None, 'start_hole': 1, 'unofficial': 0, 'yh_id': 'golf.p.25763$golf.g.202524', 'yh_salary': 20.0}",2025-06-12 00:28:28 UTC
1,26,U.S. Open,"{'am': 0, 'country': 'ENG', 'course': 'Oakmont Country Club', 'dg_id': 14796, 'dk_id': '39052690', 'dk_salary': 7600, 'early_late': 0, 'fd_id': '117709-78193', 'fd_salary': 10200, 'flag': 'ENG', 'pga_number': 34363, 'player_name': 'Hatton, Tyrrell', 'r1_teetime': '2025-06-12 13:25', 'r2_teetime': '2025-06-13 07:40', 'r3_teetime': None, 'r4_teetime': None, 'start_hole': 10, 'unofficial': 0, 'yh_id': 'golf.p.11221$golf.g.202524', 'yh_salary': 34.0}",2025-06-12 00:28:28 UTC
1,26,U.S. Open,"{'am': 0, 'country': 'USA', 'course': 'Oakmont Country Club', 'dg_id': 14578, 'dk_id': '39052692', 'dk_salary': 7400, 'early_late': 0, 'fd_id': '117709-78206', 'fd_salary': 9800, 'flag': 'USA', 'pga_number': 34098, 'player_name': 'Henley, Russell', 'r1_teetime': '2025-06-12 13:03', 'r2_teetime': '2025-06-13 07:18', 'r3_teetime': None, 'r4_teetime': None, 'start_hole': 10, 'unofficial': 0, 'yh_id': 'golf.p.11062$golf.g.202524', 'yh_salary': 43.0}",2025-06-12 00:28:28 UTC
1,26,U.S. Open,"{'am': 0, 'country': 'USA', 'course': 'Oakmont Country Club', 'dg_id': 31518, 'dk_id': '39052804', 'dk_salary': 5100, 'early_late': 0, 'fd_id': '117709-226961', 'fd_salary': 7000, 'flag': 'USA', 'pga_number': 59657, 'player_name': 'Herrera, Joey', 'r1_teetime': '2025-06-12 14:42', 'r2_teetime': '2025-06-13 08:57', 'r3_teetime': None, 'r4_teetime': None, 'start_hole': 1, 'unofficial': 0, 'yh_id': 'golf.p.25589$golf.g.202524', 'yh_salary': 20.0}",2025-06-12 00:28:28 UTC
1,26,U.S. Open,"{'am': 0, 'country': 'USA', 'course': 'Oakmont Country Club', 'dg_id': 9166, 'dk_id': '39052815', 'dk_salary': 5000, 'early_late': 1, 'fd_id': '117709-183628', 'fd_salary': 7000, 'flag': 'USA', 'pga_number': 25444, 'player_name': 'Hicks, Justin', 'r1_teetime': '2025-06-12 07:07', 'r2_teetime': '2025-06-13 12:52', 'r3_teetime': None, 'r4_teetime': None, 'start_hole': 1, 'unofficial': 0, 'yh_id': 'golf.p.4000$golf.g.202524', 'yh_salary': 20.0}",2025-06-12 00:28:28 UTC
1,26,U.S. Open,"{'am': 0, 'country': 'USA', 'course': 'Oakmont Country Club', 'dg_id': 28469, 'dk_id': '39052781', 'dk_salary': 5500, 'early_late': 0, 'fd_id': '117709-152961', 'fd_salary': 7000, 'flag': 'USA', 'pga_number': 60067, 'player_name': 'Highsmith, Joe', 'r1_teetime': '2025-06-12 12:41', 'r2_teetime': '2025-06-13 06:56', 'r3_teetime': None, 'r4_teetime': None, 'start_hole': 1, 'unofficial': 0, 'yh_id': 'golf.p.23981$golf.g.202524', 'yh_salary': 20.0}",2025-06-12 00:28:28 UTC
1,26,U.S. Open,"{'am': 0, 'country': 'USA', 'course': 'Oakmont Country Club', 'dg_id': 15575, 'dk_id': '39052741', 'dk_salary': 6100, 'early_late': 0, 'fd_id': '117709-78225', 'fd_salary': 8400, 'flag': 'USA', 'pga_number': 35532, 'player_name': 'Hoge, Tom', 'r1_teetime': '2025-06-12 13:36', 'r2_teetime': '2025-06-13 07:51', 'r3_teetime': None, 'r4_teetime': None, 'start_hole': 10, 'unofficial': 0, 'yh_id': 'golf.p.11792$golf.g.202524', 'yh_salary': 25.0}",2025-06-12 00:28:28 UTC
1,26,U.S. Open,"{'am': 0, 'country': 'DEN', 'course': 'Oakmont Country Club', 'dg_id': 23838, 'dk_id': '39052745', 'dk_salary': 6100, 'early_late': 0, 'fd_id': '117709-151427', 'fd_salary': 8000, 'flag': 'DEN', 'pga_number': 52686, 'player_name': 'Hojgaard, Rasmus', 'r1_teetime': '2025-06-12 14:09', 'r2_teetime': '2025-06-13 08:24', 'r3_teetime': None, 'r4_teetime': None, 'start_hole': 1, 'unofficial': 0, 'yh_id': 'golf.p.22028$golf.g.202524', 'yh_salary': 21.0}",2025-06-12 00:28:28 UTC
1,26,U.S. Open,"{'am': 0, 'country': 'NOR', 'course': 'Oakmont Country Club', 'dg_id': 18841, 'dk_id': '39052685', 'dk_salary': 8500, 'early_late': 0, 'fd_id': '117709-101713', 'fd_salary': 10600, 'flag': 'NOR', 'pga_number': 46717, 'player_name': 'Hovland, Viktor', 'r1_teetime': '2025-06-12 13:25', 'r2_teetime': '2025-06-13 07:40', 'r3_teetime': None, 'r4_teetime': None, 'start_hole': 1, 'unofficial': 0, 'yh_id': 'golf.p.22835$golf.g.202524', 'yh_salary': 39.0}",2025-06-12 00:28:28 UTC
1,26,U.S. Open,"{'am': 1, 'country': 'USA', 'course': 'Oakmont Country Club', 'dg_id': 30040406, 'dk_id': '39052814', 'dk_salary': 5000, 'early_late': 1, 'fd_id': '117709-226953', 'fd_salary': 7000, 'flag': 'USA', 'pga_number': 68607, 'player_name': 'Howell, Mason', 'r1_teetime': '2025-06-12 08:46', 'r2_teetime': '2025-06-13 14:31', 'r3_teetime': None, 'r4_teetime': None, 'start_hole': 10, 'unofficial': 0, 'yh_id': 'n/a', 'yh_salary': 0.0}",2025-06-12 00:28:28 UTC
1,26,U.S. Open,"{'am': 0, 'country': 'USA', 'course': 'Oakmont Country Club', 'dg_id': 16333, 'dk_id': '39052770', 'dk_salary': 5600, 'early_late': 1, 'fd_id': '117709-78241', 'fd_salary': 7300, 'flag': 'USA', 'pga_number': 36801, 'player_name': 'Hubbard, Mark', 'r1_teetime': '2025-06-12 08:35', 'r2_teetime': '2025-06-13 14:20', 'r3_teetime': None, 'r4_teetime': None, 'start_hole': 10, 'unofficial': 0, 'yh_id': 'golf.p.14062$golf.g.202524', 'yh_salary': 32.0}",2025-06-12 00:28:28 UTC
1,26,U.S. Open,"{'am': 0, 'country': 'CAN', 'course': 'Oakmont Country Club', 'dg_id': 15556, 'dk_id': '39052739', 'dk_salary': 6200, 'early_late': 0, 'fd_id': '117709-78243', 'fd_salary': 8200, 'flag': 'CAN', 'pga_number': 35506, 'player_name': 'Hughes, Mackenzie', 'r1_teetime': '2025-06-12 13:58', 'r2_teetime': '2025-06-13 08:13', 'r3_teetime': None, 'r4_teetime': None, 'start_hole': 1, 'unofficial': 0, 'yh_id': 'golf.p.12992$golf.g.202524', 'yh_salary': 23.0}",2025-06-12 00:28:28 UTC
1,26,U.S. Open,"{'am': 0, 'country': 'KOR', 'course': 'Oakmont Country Club', 'dg_id': 17488, 'dk_id': '39052701', 'dk_salary': 7000, 'early_late': 0, 'fd_id': '117709-78258', 'fd_salary': 8600, 'flag': 'KOR', 'pga_number': 39971, 'player_name': 'Im, Sungjae', 'r1_teetime': '2025-06-12 13:25', 'r2_teetime': '2025-06-13 07:40', 'r3_teetime': None, 'r4_teetime': None, 'start_hole': 10, 'unofficial': 0, 'yh_id': 'golf.p.21084$golf.g.202524', 'yh_salary': 35.0}",2025-06-12 00:28:28 UTC
1,26,U.S. Open,"{'am': 0, 'country': 'GER', 'course': 'Oakmont Country Club', 'dg_id': 16394, 'dk_id': '39052749', 'dk_salary': 6000, 'early_late': 0, 'fd_id': '117709-78268', 'fd_salary': 7900, 'flag': 'GER', 'pga_number': 36799, 'player_name': 'Jaeger, Stephan', 'r1_teetime': '2025-06-12 14:09', 'r2_teetime': '2025-06-13 08:24', 'r3_teetime': None, 'r4_teetime': None, 'start_hole': 1, 'unofficial': 0, 'yh_id': 'golf.p.12995$golf.g.202524', 'yh_salary': 24.0}",2025-06-12 00:28:28 UTC
1,26,U.S. Open,"{'am': 1, 'country': 'USA', 'course': 'Oakmont Country Club', 'dg_id': 29827, 'dk_id': '39052763', 'dk_salary': 5800, 'early_late': 0, 'fd_id': '117709-171484', 'fd_salary': 7500, 'flag': 'USA', 'pga_number': 57869, 'player_name': 'James, Ben', 'r1_teetime': '2025-06-12 14:09', 'r2_teetime': '2025-06-13 08:24', 'r3_teetime': None, 'r4_teetime': None, 'start_hole': 1, 'unofficial': 0, 'yh_id': 'golf.p.24350$golf.g.202524', 'yh_salary': 20.0}",2025-06-12 00:28:28 UTC
1,26,U.S. Open,"{'am': 0, 'country': 'USA', 'course': 'Oakmont Country Club', 'dg_id': 25334, 'dk_id': '39080734', 'dk_salary': 5000, 'early_late': 1, 'fd_id': '117709-151925', 'fd_salary': 7000, 'flag': 'USA', 'pga_number': 54869, 'player_name': 'Johnson, Chase', 'r1_teetime': '2025-06-12 08:46', 'r2_teetime': '2025-06-13 14:31', 'r3_teetime': None, 'r4_teetime': None, 'start_hole': 1, 'unofficial': 0, 'yh_id': 'golf.p.23605$golf.g.202524', 'yh_salary': 20.0}",2025-06-12 00:28:28 UTC
1,26,U.S. Open,"{'am': 0, 'country': 'USA', 'course': 'Oakmont Country Club', 'dg_id': 12422, 'dk_id': '39052712', 'dk_salary': 6700, 'early_late': 0, 'fd_id': '117709-78289', 'fd_salary': 8100, 'flag': 'USA', 'pga_number': 30925, 'player_name': 'Johnson, Dustin', 'r1_teetime': '2025-06-12 13:14', 'r2_teetime': '2025-06-13 07:29', 'r3_teetime': None, 'r4_teetime': None, 'start_hole': 10, 'unofficial': 0, 'yh_id': 'golf.p.9267$golf.g.202524', 'yh_salary': 20.0}",2025-06-12 00:28:28 UTC
1,26,U.S. Open,"{'am': 0, 'country': 'ENG', 'course': 'Oakmont Country Club', 'dg_id': 25601, 'dk_id': '39080735', 'dk_salary': 5600, 'early_late': 0, 'fd_id': '117709-171878', 'fd_salary': 7400, 'flag': 'ENG', 'pga_number': 55955, 'player_name': 'Jordan, Matthew', 'r1_teetime': '2025-06-12 14:09', 'r2_teetime': '2025-06-13 08:24', 'r3_teetime': None, 'r4_teetime': None, 'start_hole': 10, 'unofficial': 0, 'yh_id': 'golf.p.22914$golf.g.202524', 'yh_salary': 30.0}",2025-06-12 00:28:28 UTC
1,26,U.S. Open,"{'am': 0, 'country': 'JPN', 'course': 'Oakmont Country Club', 'dg_id': 19729, 'dk_id': '39080736', 'dk_salary': 5700, 'early_late': 0, 'fd_id': '117709-82301', 'fd_salary': 7600, 'flag': 'JPN', 'pga_number': 47917, 'player_name': 'Kanaya, Takumi', 'r1_teetime': '2025-06-12 12:30', 'r2_teetime': '2025-06-13 06:45', 'r3_teetime': None, 'r4_teetime': None, 'start_hole': 10, 'unofficial': 0, 'yh_id': 'golf.p.20556$golf.g.202524', 'yh_salary': 28.0}",2025-06-12 00:28:28 UTC
1,26,U.S. Open,"{'am': 0, 'country': 'JPN', 'course': 'Oakmont Country Club', 'dg_id': 22844, 'dk_id': '39080737', 'dk_salary': 5500, 'early_late': 0, 'fd_id': '117709-180728', 'fd_salary': 7000, 'flag': 'JPN', 'pga_number': 51366, 'player_name': 'Kawamoto, Riki', 'r1_teetime': '2025-06-12 14:31', 'r2_teetime': '2025-06-13 08:46', 'r3_teetime': None, 'r4_teetime': None, 'start_hole': 10, 'unofficial': 0, 'yh_id': 'golf.p.23726$golf.g.202524', 'yh_salary': 20.0}",2025-06-12 00:28:28 UTC
1,26,U.S. Open,"{'am': 0, 'country': 'USA', 'course': 'Oakmont Country Club', 'dg_id': 32457, 'dk_id': '39052734', 'dk_salary': 6200, 'early_late': 1, 'fd_id': '117709-211781', 'fd_salary': 8200, 'flag': 'USA', 'pga_number': 63454, 'player_name': 'Keefer, Johnny', 'r1_teetime': '2025-06-12 08:24', 'r2_teetime': '2025-06-13 14:09', 'r3_teetime': None, 'r4_teetime': None, 'start_hole': 10, 'unofficial': 0, 'yh_id': 'golf.p.26049$golf.g.202524', 'yh_salary': 20.0}",2025-06-12 00:28:28 UTC
1,26,U.S. Open,"{'am': 1, 'country': 'USA', 'course': 'Oakmont Country Club', 'dg_id': 33354, 'dk_id': '39052798', 'dk_salary': 5200, 'early_late': 1, 'fd_id': '117709-222309', 'fd_salary': 7000, 'flag': 'USA', 'pga_number': 68084, 'player_name': 'Kent, Noah', 'r1_teetime': '2025-06-12 08:35', 'r2_teetime': '2025-06-13 14:20', 'r3_teetime': None, 'r4_teetime': None, 'start_hole': 1, 'unofficial': 0, 'yh_id': 'golf.p.26136$golf.g.202524', 'yh_salary': 20.0}",2025-06-12 00:28:28 UTC
1,26,U.S. Open,"{'am': 0, 'country': 'USA', 'course': 'Oakmont Country Club', 'dg_id': 17543, 'dk_id': '39052729', 'dk_salary': 6300, 'early_late': 0, 'fd_id': '117709-78344', 'fd_salary': 8300, 'flag': 'USA', 'pga_number': 39975, 'player_name': 'Kim, Michael', 'r1_teetime': '2025-06-12 13:47', 'r2_teetime': '2025-06-13 08:02', 'r3_teetime': None, 'r4_teetime': None, 'start_hole': 10, 'unofficial': 0, 'yh_id': 'golf.p.13935$golf.g.202524', 'yh_salary': 23.0}",2025-06-12 00:28:28 UTC
1,26,U.S. Open,"{'am': 0, 'country': 'KOR', 'course': 'Oakmont Country Club', 'dg_id': 14609, 'dk_id': '39052705', 'dk_salary': 6900, 'early_late': 1, 'fd_id': '117709-78346', 'fd_salary': 8700, 'flag': 'KOR', 'pga_number': 37455, 'player_name': 'Kim, Si Woo', 'r1_teetime': '2025-06-12 07:51', 'r2_teetime': '2025-06-13 13:36', 'r3_teetime': None, 'r4_teetime': None, 'start_hole': 10, 'unofficial': 0, 'yh_id': 'golf.p.13192$golf.g.202524', 'yh_salary': 22.0}",2025-06-12 00:28:28 UTC
1,26,U.S. Open,"{'am': 0, 'country': 'KOR', 'course': 'Oakmont Country Club', 'dg_id': 24766, 'dk_id': '39052707', 'dk_salary': 6800, 'early_late': 1, 'fd_id': '117709-137069', 'fd_salary': 9500, 'flag': 'KOR', 'pga_number': 55182, 'player_name': 'Kim, Tom', 'r1_teetime': '2025-06-12 07:07', 'r2_teetime': '2025-06-13 12:52', 'r3_teetime': None, 'r4_teetime': None, 'start_hole': 10, 'unofficial': 0, 'yh_id': 'golf.p.23136$golf.g.202524', 'yh_salary': 23.0}",2025-06-12 00:28:28 UTC
1,26,U.S. Open,"{'am': 0, 'country': 'USA', 'course': 'Oakmont Country Club', 'dg_id': 12423, 'dk_id': '39052755', 'dk_salary': 5900, 'early_late': 0, 'fd_id': '117709-78355', 'fd_salary': 7600, 'flag': 'USA', 'pga_number': 30926, 'player_name': 'Kirk, Chris', 'r1_teetime': '2025-06-12 13:58', 'r2_teetime': '2025-06-13 08:13', 'r3_teetime': None, 'r4_teetime': None, 'start_hole': 1, 'unofficial': 0, 'yh_id': 'golf.p.9268$golf.g.202524', 'yh_salary': 35.0}",2025-06-12 00:28:28 UTC
1,26,U.S. Open,"{'am': 0, 'country': 'USA', 'course': 'Oakmont Country Club', 'dg_id': 27658, 'dk_id': '39052820', 'dk_salary': 5000, 'early_late': 0, 'fd_id': '117709-208649', 'fd_salary': 7000, 'flag': 'USA', 'pga_number': 59283, 'player_name': 'Kneiser, George', 'r1_teetime': '2025-06-12 14:42', 'r2_teetime': '2025-06-13 08:57', 'r3_teetime': None, 'r4_teetime': None, 'start_hole': 1, 'unofficial': 0, 'yh_id': 'golf.p.23637$golf.g.202524', 'yh_salary': 20.0}",2025-06-12 00:28:28 UTC
1,26,U.S. Open,"{'am': 0, 'country': 'USA', 'course': 'Oakmont Country Club', 'dg_id': 16243, 'dk_id': '39052686', 'dk_salary': 8200, 'early_late': 0, 'fd_id': '117709-78367', 'fd_salary': 10000, 'flag': 'USA', 'pga_number': 36689, 'player_name': 'Koepka, Brooks', 'r1_teetime': '2025-06-12 13:03', 'r2_teetime': '2025-06-13 07:18', 'r3_teetime': None, 'r4_teetime': None, 'start_hole': 1, 'unofficial': 0, 'yh_id': 'golf.p.12875$golf.g.202524', 'yh_salary': 20.0}",2025-06-12 00:28:28 UTC
1,26,U.S. Open,"{'am': 1, 'country': 'USA', 'course': 'Oakmont Country Club', 'dg_id': 32319, 'dk_id': '39052754', 'dk_salary': 5900, 'early_late': 1, 'fd_id': '117709-202435', 'fd_salary': 7800, 'flag': 'USA', 'pga_number': 66701, 'player_name': 'Koivun, Jackson', 'r1_teetime': '2025-06-12 08:24', 'r2_teetime': '2025-06-13 14:09', 'r3_teetime': None, 'r4_teetime': None, 'start_hole': 10, 'unofficial': 0, 'yh_id': 'golf.p.25920$golf.g.202524', 'yh_salary': 20.0}",2025-06-12 00:28:28 UTC
1,26,U.S. Open,"{'am': 0, 'country': 'JPN', 'course': 'Oakmont Country Club', 'dg_id': 14209, 'dk_id': '39052759', 'dk_salary': 5800, 'early_late': 1, 'fd_id': '117709-78377', 'fd_salary': 7500, 'flag': 'JPN', 'pga_number': 33689, 'player_name': 'Kozuma, Jinichiro', 'r1_teetime': '2025-06-12 08:46', 'r2_teetime': '2025-06-13 14:31', 'r3_teetime': None, 'r4_teetime': None, 'start_hole': 1, 'unofficial': 0, 'yh_id': 'n/a', 'yh_salary': 0.0}",2025-06-12 00:28:28 UTC
1,26,U.S. Open,"{'am': 0, 'country': 'RSA', 'course': 'Oakmont Country Club', 'dg_id': 16896, 'dk_id': '39052769', 'dk_salary': 5700, 'early_late': 1, 'fd_id': '117709-204925', 'fd_salary': 7500, 'flag': 'RSA', 'pga_number': 37446, 'player_name': 'Kruyswijk, Jacques', 'r1_teetime': '2025-06-12 06:56', 'r2_teetime': '2025-06-13 12:41', 'r3_teetime': None, 'r4_teetime': None, 'start_hole': 10, 'unofficial': 0, 'yh_id': 'golf.p.13151$golf.g.202524', 'yh_salary': 20.0}",2025-06-12 00:28:28 UTC
1,26,U.S. Open,"{'am': 1, 'country': 'USA', 'course': 'Oakmont Country Club', 'dg_id': 30036168, 'dk_id': '39052816', 'dk_salary': 5000, 'early_late': 1, 'fd_id': '117709-226962', 'fd_salary': 7000, 'flag': 'USA', 'pga_number': 68384, 'player_name': 'La Sasso, Michael', 'r1_teetime': '2025-06-12 08:35', 'r2_teetime': '2025-06-13 14:20', 'r3_teetime': None, 'r4_teetime': None, 'start_hole': 10, 'unofficial': 0, 'yh_id': 'n/a', 'yh_salary': 0.0}",2025-06-12 00:28:28 UTC
1,26,U.S. Open,"{'am': 0, 'country': 'FRA', 'course': 'Oakmont Country Club', 'dg_id': 23733, 'dk_id': '39052776', 'dk_salary': 5500, 'early_late': 0, 'fd_id': '117709-172050', 'fd_salary': 7100, 'flag': 'FRA', 'pga_number': 52585, 'player_name': 'Lacroix, Frederic', 'r1_teetime': '2025-06-12 12:30', 'r2_teetime': '2025-06-13 06:45', 'r3_teetime': None, 'r4_teetime': None, 'start_hole': 1, 'unofficial': 0, 'yh_id': 'golf.p.23228$golf.g.202524', 'yh_salary': 23.0}",2025-06-12 00:28:28 UTC
1,26,U.S. Open,"{'am': 0, 'country': 'SWE', 'course': 'Oakmont Country Club', 'dg_id': 14780, 'dk_id': '39052790', 'dk_salary': 5300, 'early_late': 1, 'fd_id': '117709-78388', 'fd_salary': 7000, 'flag': 'SWE', 'pga_number': 34317, 'player_name': 'Lagergren, Joakim', 'r1_teetime': '2025-06-12 08:46', 'r2_teetime': '2025-06-13 14:31', 'r3_teetime': None, 'r4_teetime': None, 'start_hole': 10, 'unofficial': 0, 'yh_id': 'n/a', 'yh_salary': 0.0}",2025-06-12 00:28:28 UTC
1,26,U.S. Open,"{'am': 0, 'country': 'RSA', 'course': 'Oakmont Country Club', 'dg_id': 18105, 'dk_id': '39052771', 'dk_salary': 5600, 'early_late': 1, 'fd_id': '117709-171571', 'fd_salary': 7200, 'flag': 'RSA', 'pga_number': 45523, 'player_name': 'Lawrence, Thriston', 'r1_teetime': '2025-06-12 08:35', 'r2_teetime': '2025-06-13 14:20', 'r3_teetime': None, 'r4_teetime': None, 'start_hole': 1, 'unofficial': 0, 'yh_id': 'golf.p.14325$golf.g.202524', 'yh_salary': 34.0}",2025-06-12 00:28:28 UTC
1,26,U.S. Open,"{'am': 1, 'country': 'USA', 'course': 'Oakmont Country Club', 'dg_id': 30029799, 'dk_id': '39052810', 'dk_salary': 5100, 'early_late': 0, 'fd_id': '117709-226954', 'fd_salary': 7000, 'flag': 'USA', 'pga_number': 68608, 'player_name': 'Lee, Bryan', 'r1_teetime': '2025-06-12 12:41', 'r2_teetime': '2025-06-13 06:56', 'r3_teetime': None, 'r4_teetime': None, 'start_hole': 10, 'unofficial': 0, 'yh_id': 'n/a', 'yh_salary': 0.0}",2025-06-12 00:28:28 UTC
1,26,U.S. Open,"{'am': 0, 'country': 'AUS', 'course': 'Oakmont Country Club', 'dg_id': 16841, 'dk_id': '39052698', 'dk_salary': 7100, 'early_late': 0, 'fd_id': '117709-151407', 'fd_salary': 9400, 'flag': 'AUS', 'pga_number': 37378, 'player_name': 'Lee, Min Woo', 'r1_teetime': '2025-06-12 13:03', 'r2_teetime': '2025-06-13 07:18', 'r3_teetime': None, 'r4_teetime': None, 'start_hole': 1, 'unofficial': 0, 'yh_id': 'golf.p.21556$golf.g.202524', 'yh_salary': 30.0}",2025-06-12 00:28:28 UTC
1,26,U.S. Open,"{'am': 0, 'country': 'AUS', 'course': 'Oakmont Country Club', 'dg_id': 7649, 'dk_id': '39052747', 'dk_salary': 6000, 'early_late': 0, 'fd_id': '117709-78430', 'fd_salary': 8000, 'flag': 'AUS', 'pga_number': 26851, 'player_name': 'Leishman, Marc', 'r1_teetime': '2025-06-12 13:58', 'r2_teetime': '2025-06-13 08:13', 'r3_teetime': None, 'r4_teetime': None, 'start_hole': 10, 'unofficial': 0, 'yh_id': 'golf.p.8442$golf.g.202524', 'yh_salary': 20.0}",2025-06-12 00:28:28 UTC
1,26,U.S. Open,"{'am': 0, 'country': 'USA', 'course': 'Oakmont Country Club', 'dg_id': 32521, 'dk_id': '39052805', 'dk_salary': 5100, 'early_late': 1, 'fd_id': '117709-222682', 'fd_salary': 7000, 'flag': 'USA', 'pga_number': 65469, 'player_name': 'Lewis, Riley', 'r1_teetime': '2025-06-12 08:57', 'r2_teetime': '2025-06-13 14:42', 'r3_teetime': None, 'r4_teetime': None, 'start_hole': 1, 'unofficial': 0, 'yh_id': 'golf.p.26170$golf.g.202524', 'yh_salary': 20.0}",2025-06-12 00:28:28 UTC
1,26,U.S. Open,"{'am': 0, 'country': 'USA', 'course': 'Oakmont Country Club', 'dg_id': 17723, 'dk_id': '39052782', 'dk_salary': 5500, 'early_late': 1, 'fd_id': '117709-79537', 'fd_salary': 7000, 'flag': 'USA', 'pga_number': 40162, 'player_name': 'Lower, Justin', 'r1_teetime': '2025-06-12 08:13', 'r2_teetime': '2025-06-13 13:58', 'r3_teetime': None, 'r4_teetime': None, 'start_hole': 10, 'unofficial': 0, 'yh_id': 'golf.p.14063$golf.g.202524', 'yh_salary': 32.0}",2025-06-12 00:28:28 UTC
1,26,U.S. Open,"{'am': 0, 'country': 'IRL', 'course': 'Oakmont Country Club', 'dg_id': 13900, 'dk_id': '39052688', 'dk_salary': 7800, 'early_late': 1, 'fd_id': '117709-78467', 'fd_salary': 11100, 'flag': 'IRL', 'pga_number': 33204, 'player_name': 'Lowry, Shane', 'r1_teetime': '2025-06-12 07:40', 'r2_teetime': '2025-06-13 13:25', 'r3_teetime': None, 'r4_teetime': None, 'start_hole': 10, 'unofficial': 0, 'yh_id': 'golf.p.10163$golf.g.202524', 'yh_salary': 40.0}",2025-06-12 00:28:28 UTC
1,26,U.S. Open,"{'am': 0, 'country': 'SCO', 'course': 'Oakmont Country Club', 'dg_id': 23323, 'dk_id': '39052711', 'dk_salary': 6700, 'early_late': 1, 'fd_id': '117709-110893', 'fd_salary': 9000, 'flag': 'SCO', 'pga_number': 52215, 'player_name': 'MacIntyre, Robert', 'r1_teetime': '2025-06-12 07:51', 'r2_teetime': '2025-06-13 13:36', 'r3_teetime': None, 'r4_teetime': None, 'start_hole': 1, 'unofficial': 0, 'yh_id': 'golf.p.22237$golf.g.202524', 'yh_salary': 36.0}",2025-06-12 00:28:28 UTC
1,26,U.S. Open,"{'am': 0, 'country': 'JPN', 'course': 'Oakmont Country Club', 'dg_id': 13562, 'dk_id': '39052687', 'dk_salary': 8000, 'early_late': 1, 'fd_id': '117709-78508', 'fd_salary': 9900, 'flag': 'JPN', 'pga_number': 32839, 'player_name': 'Matsuyama, Hideki', 'r1_teetime': '2025-06-12 07:18', 'r2_teetime': '2025-06-13 13:03', 'r3_teetime': None, 'r4_teetime': None, 'start_hole': 10, 'unofficial': 0, 'yh_id': 'golf.p.11446$golf.g.202524', 'yh_salary': 41.0}",2025-06-12 00:28:28 UTC
1,26,U.S. Open,"{'am': 0, 'country': 'USA', 'course': 'Oakmont Country Club', 'dg_id': 19870, 'dk_id': '39052717', 'dk_salary': 6600, 'early_late': 0, 'fd_id': '117709-78520', 'fd_salary': 8500, 'flag': 'USA', 'pga_number': 47993, 'player_name': 'McCarthy, Denny', 'r1_teetime': '2025-06-12 13:14', 'r2_teetime': '2025-06-13 07:29', 'r3_teetime': None, 'r4_teetime': None, 'start_hole': 1, 'unofficial': 0, 'yh_id': 'golf.p.19930$golf.g.202524', 'yh_salary': 25.0}",2025-06-12 00:28:28 UTC
1,26,U.S. Open,"{'am': 0, 'country': 'USA', 'course': 'Oakmont Country Club', 'dg_id': 28635, 'dk_id': '39052766', 'dk_salary': 5700, 'early_late': 1, 'fd_id': '117709-170736', 'fd_salary': 7300, 'flag': 'USA', 'pga_number': 59141, 'player_name': 'McCarty, Matt', 'r1_teetime': '2025-06-12 07:51', 'r2_teetime': '2025-06-13 13:36', 'r3_teetime': None, 'r4_teetime': None, 'start_hole': 1, 'unofficial': 0, 'yh_id': 'golf.p.24177$golf.g.202524', 'yh_salary': 32.0}",2025-06-12 00:28:28 UTC
1,26,U.S. Open,"{'am': 0, 'country': 'USA', 'course': 'Oakmont Country Club', 'dg_id': 18536, 'dk_id': '39052788', 'dk_salary': 5400, 'early_late': 0, 'fd_id': '117709-79840', 'fd_salary': 7000, 'flag': 'USA', 'pga_number': 46113, 'player_name': 'McCormick, Ryan', 'r1_teetime': '2025-06-12 14:20', 'r2_teetime': '2025-06-13 08:35', 'r3_teetime': None, 'r4_teetime': None, 'start_hole': 10, 'unofficial': 0, 'yh_id': 'golf.p.20998$golf.g.202524', 'yh_salary': 20.0}",2025-06-12 00:28:28 UTC
1,26,U.S. Open,"{'am': 0, 'country': 'NIR', 'course': 'Oakmont Country Club', 'dg_id': 10091, 'dk_id': '39052675', 'dk_salary': 12400, 'early_late': 1, 'fd_id': '117709-78530', 'fd_salary': 12200, 'flag': 'NIR', 'pga_number': 28237, 'player_name': 'McIlroy, Rory', 'r1_teetime': '2025-06-12 07:40', 'r2_teetime': '2025-06-13 13:25', 'r3_teetime': None, 'r4_teetime': None, 'start_hole': 10, 'unofficial': 0, 'yh_id': 'golf.p.8016$golf.g.202524', 'yh_salary': 45.0}",2025-06-12 00:28:28 UTC
1,26,U.S. Open,"{'am': 0, 'country': 'USA', 'course': 'Oakmont Country Club', 'dg_id': 18634, 'dk_id': '39052708', 'dk_salary': 6800, 'early_late': 1, 'fd_id': '117709-78538', 'fd_salary': 9100, 'flag': 'USA', 'pga_number': 46442, 'player_name': 'McNealy, Maverick', 'r1_teetime': '2025-06-12 07:29', 'r2_teetime': '2025-06-13 13:14', 'r3_teetime': None, 'r4_teetime': None, 'start_hole': 10, 'unofficial': 0, 'yh_id': 'golf.p.18457$golf.g.202524', 'yh_salary': 40.0}",2025-06-12 00:28:28 UTC
1,26,U.S. Open,"{'am': 0, 'country': 'USA', 'course': 'Oakmont Country Club', 'dg_id': 1547, 'dk_id': '39052758', 'dk_salary': 5800, 'early_late': 1, 'fd_id': '117709-78547', 'fd_salary': 7700, 'flag': 'USA', 'pga_number': 1810, 'player_name': 'Mickelson, Phil', 'r1_teetime': '2025-06-12 08:02', 'r2_teetime': '2025-06-13 13:47', 'r3_teetime': None, 'r4_teetime': None, 'start_hole': 10, 'unofficial': 0, 'yh_id': 'golf.p.29$golf.g.202524', 'yh_salary': 20.0}",2025-06-12 00:28:28 UTC
1,26,U.S. Open,"{'am': 0, 'country': 'ITA', 'course': 'Oakmont Country Club', 'dg_id': 17357, 'dk_id': '39052767', 'dk_salary': 5700, 'early_late': 0, 'fd_id': '117709-152964', 'fd_salary': 7600, 'flag': 'ITA', 'pga_number': 39834, 'player_name': 'Migliozzi, Guido', 'r1_teetime': '2025-06-12 12:41', 'r2_teetime': '2025-06-13 06:56', 'r3_teetime': None, 'r4_teetime': None, 'start_hole': 10, 'unofficial': 0, 'yh_id': 'golf.p.18347$golf.g.202524', 'yh_salary': 26.0}",2025-06-12 00:28:28 UTC
1,26,U.S. Open,"{'am': 0, 'country': 'USA', 'course': 'Oakmont Country Club', 'dg_id': 29769, 'dk_id': '39052811', 'dk_salary': 5100, 'early_late': 1, 'fd_id': '117709-170737', 'fd_salary': 7000, 'flag': 'USA', 'pga_number': 57860, 'player_name': 'Moldovan, Maxwell', 'r1_teetime': '2025-06-12 07:07', 'r2_teetime': '2025-06-13 12:52', 'r3_teetime': None, 'r4_teetime': None, 'start_hole': 1, 'unofficial': 0, 'yh_id': 'golf.p.24344$golf.g.202524', 'yh_salary': 20.0}",2025-06-12 00:28:28 UTC
1,26,U.S. Open,"{'am': 0, 'country': 'ITA', 'course': 'Oakmont Country Club', 'dg_id': 7033, 'dk_id': '39052762', 'dk_salary': 5800, 'early_late': 1, 'fd_id': '117709-152966', 'fd_salary': 7400, 'flag': 'ITA', 'pga_number': 23814, 'player_name': 'Molinari, Edoardo', 'r1_teetime': '2025-06-12 08:24', 'r2_teetime': '2025-06-13 14:09', 'r3_teetime': None, 'r4_teetime': None, 'start_hole': 1, 'unofficial': 0, 'yh_id': 'golf.p.2288$golf.g.202524', 'yh_salary': 20.0}",2025-06-12 00:28:28 UTC
1,26,U.S. Open,"{'am': 0, 'country': 'USA', 'course': 'Oakmont Country Club', 'dg_id': 22085, 'dk_id': '39052679', 'dk_salary': 9800, 'early_late': 0, 'fd_id': '117709-78569', 'fd_salary': 11600, 'flag': 'USA', 'pga_number': 50525, 'player_name': 'Morikawa, Collin', 'r1_teetime': '2025-06-12 13:25', 'r2_teetime': '2025-06-13 07:40', 'r3_teetime': None, 'r4_teetime': None, 'start_hole': 1, 'unofficial': 0, 'yh_id': 'golf.p.20994$golf.g.202524', 'yh_salary': 44.0}",2025-06-12 00:28:28 UTC
1,26,U.S. Open,"{'am': 0, 'country': 'DEN', 'course': 'Oakmont Country Club', 'dg_id': 23841, 'dk_id': '39052726', 'dk_salary': 6400, 'early_late': 0, 'fd_id': '117709-201276', 'fd_salary': 8500, 'flag': 'DEN', 'pga_number': 52689, 'player_name': 'Neergaard-Petersen, Rasmus', 'r1_teetime': '2025-06-12 14:20', 'r2_teetime': '2025-06-13 08:35', 'r3_teetime': None, 'r4_teetime': None, 'start_hole': 1, 'unofficial': 0, 'yh_id': 'golf.p.25433$golf.g.202524', 'yh_salary': 32.0}",2025-06-12 00:28:28 UTC
1,26,U.S. Open,"{'am': 0, 'country': 'USA', 'course': 'Oakmont Country Club', 'dg_id': 27598, 'dk_id': '39052806', 'dk_salary': 5100, 'early_late': 0, 'fd_id': '117709-134611', 'fd_salary': 7000, 'flag': 'USA', 'pga_number': 58188, 'player_name': 'Nicholas, James', 'r1_teetime': '2025-06-12 14:31', 'r2_teetime': '2025-06-13 08:46', 'r3_teetime': None, 'r4_teetime': None, 'start_hole': 10, 'unofficial': 0, 'yh_id': 'golf.p.23604$golf.g.202524', 'yh_salary': 20.0}",2025-06-12 00:28:28 UTC
1,26,U.S. Open,"{'am': 0, 'country': 'CHI', 'course': 'Oakmont Country Club', 'dg_id': 18079, 'dk_id': '39052684', 'dk_salary': 8600, 'early_late': 0, 'fd_id': '117709-80558', 'fd_salary': 10900, 'flag': 'CHI', 'pga_number': 45486, 'player_name': 'Niemann, Joaquin', 'r1_teetime': '2025-06-12 13:47', 'r2_teetime': '2025-06-13 08:02', 'r3_teetime': None, 'r4_teetime': None, 'start_hole': 1, 'unofficial': 0, 'yh_id': 'golf.p.21794$golf.g.202524', 'yh_salary': 20.0}",2025-06-12 00:28:28 UTC
1,26,U.S. Open,"{'am': 0, 'country': 'DEN', 'course': 'Oakmont Country Club', 'dg_id': 15676, 'dk_id': '39052748', 'dk_salary': 6000, 'early_late': 1, 'fd_id': '117709-172051', 'fd_salary': 8100, 'flag': 'DEN', 'pga_number': 35706, 'player_name': 'Norgaard, Niklas', 'r1_teetime': '2025-06-12 08:13', 'r2_teetime': '2025-06-13 13:58', 'r3_teetime': None, 'r4_teetime': None, 'start_hole': 10, 'unofficial': 0, 'yh_id': 'golf.p.22033$golf.g.202524', 'yh_salary': 33.0}",2025-06-12 00:28:28 UTC
1,26,U.S. Open,"{'am': 0, 'country': 'USA', 'course': 'Oakmont Country Club', 'dg_id': 23475, 'dk_id': '39052731', 'dk_salary': 6300, 'early_late': 1, 'fd_id': '117709-82360', 'fd_salary': 7000, 'flag': 'USA', 'pga_number': 51997, 'player_name': 'Novak, Andrew', 'r1_teetime': '2025-06-12 07:29', 'r2_teetime': '2025-06-13 13:14', 'r3_teetime': None, 'r4_teetime': None, 'start_hole': 10, 'unofficial': 0, 'yh_id': 'golf.p.22209$golf.g.202524', 'yh_salary': 27.0}",2025-06-12 00:28:28 UTC
1,26,U.S. Open,"{'am': 0, 'country': 'DEN', 'course': 'Oakmont Country Club', 'dg_id': 13412, 'dk_id': '39052751', 'dk_salary': 6000, 'early_late': 1, 'fd_id': '117709-78617', 'fd_salary': 9900, 'flag': 'DEN', 'pga_number': 33968, 'player_name': 'Olesen, Thorbjorn', 'r1_teetime': '2025-06-12 08:35', 'r2_teetime': '2025-06-13 14:20', 'r3_teetime': None, 'r4_teetime': None, 'start_hole': 1, 'unofficial': 0, 'yh_id': 'golf.p.10976$golf.g.202524', 'yh_salary': 20.0}",2025-06-12 00:28:28 UTC
1,26,U.S. Open,"{'am': 0, 'country': 'MEX', 'course': 'Oakmont Country Club', 'dg_id': 26190, 'dk_id': '39052775', 'dk_salary': 5600, 'early_late': 1, 'fd_id': '117709-103128', 'fd_salary': 7300, 'flag': 'MEX', 'pga_number': 39262, 'player_name': 'Ortiz, Alvaro', 'r1_teetime': '2025-06-12 06:56', 'r2_teetime': '2025-06-13 12:41', 'r3_teetime': None, 'r4_teetime': None, 'start_hole': 1, 'unofficial': 0, 'yh_id': 'golf.p.24857$golf.g.202524', 'yh_salary': 20.0}",2025-06-12 00:28:28 UTC
1,26,U.S. Open,"{'am': 0, 'country': 'MEX', 'course': 'Oakmont Country Club', 'dg_id': 14735, 'dk_id': '39052727', 'dk_salary': 6400, 'early_late': 0, 'fd_id': '117709-78626', 'fd_salary': 8500, 'flag': 'MEX', 'pga_number': 33667, 'player_name': 'Ortiz, Carlos', 'r1_teetime': '2025-06-12 14:09', 'r2_teetime': '2025-06-13 08:24', 'r3_teetime': None, 'r4_teetime': None, 'start_hole': 10, 'unofficial': 0, 'yh_id': 'golf.p.10730$golf.g.202524', 'yh_salary': 20.0}",2025-06-12 00:28:28 UTC
1,26,U.S. Open,"{'am': 0, 'country': 'USA', 'course': 'Oakmont Country Club', 'dg_id': 29922, 'dk_id': '39052821', 'dk_salary': 5000, 'early_late': 0, 'fd_id': '117709-226952', 'fd_salary': 7000, 'flag': 'USA', 'pga_number': 60567, 'player_name': 'Ott, Harrison', 'r1_teetime': '2025-06-12 14:42', 'r2_teetime': '2025-06-13 08:57', 'r3_teetime': None, 'r4_teetime': None, 'start_hole': 10, 'unofficial': 0, 'yh_id': 'n/a', 'yh_salary': 0.0}",2025-06-12 00:28:28 UTC
1,26,U.S. Open,"{'am': 0, 'country': 'ITA', 'course': 'Oakmont Country Club', 'dg_id': 12177, 'dk_id': '39052768', 'dk_salary': 5700, 'early_late': 0, 'fd_id': '117709-78654', 'fd_salary': 7400, 'flag': 'ITA', 'pga_number': 30756, 'player_name': 'Pavan, Andrea', 'r1_teetime': '2025-06-12 12:30', 'r2_teetime': '2025-06-13 06:45', 'r3_teetime': None, 'r4_teetime': None, 'start_hole': 10, 'unofficial': 0, 'yh_id': 'golf.p.9094$golf.g.202524', 'yh_salary': 20.0}",2025-06-12 00:28:28 UTC
1,26,U.S. Open,"{'am': 0, 'country': 'FRA', 'course': 'Oakmont Country Club', 'dg_id': 19960, 'dk_id': '39052742', 'dk_salary': 6100, 'early_late': 0, 'fd_id': '117709-78655', 'fd_salary': 8200, 'flag': 'FRA', 'pga_number': 48153, 'player_name': 'Pavon, Matthieu', 'r1_teetime': '2025-06-12 13:47', 'r2_teetime': '2025-06-13 08:02', 'r3_teetime': None, 'r4_teetime': None, 'start_hole': 10, 'unofficial': 0, 'yh_id': 'golf.p.20883$golf.g.202524', 'yh_salary': 20.0}",2025-06-12 00:28:28 UTC
1,26,U.S. Open,"{'am': 0, 'country': 'CAN', 'course': 'Oakmont Country Club', 'dg_id': 17780, 'dk_id': '39052722', 'dk_salary': 6500, 'early_late': 1, 'fd_id': '117709-78660', 'fd_salary': 8800, 'flag': 'CAN', 'pga_number': 40250, 'player_name': 'Pendrith, Taylor', 'r1_teetime': '2025-06-12 07:07', 'r2_teetime': '2025-06-13 12:52', 'r3_teetime': None, 'r4_teetime': None, 'start_hole': 10, 'unofficial': 0, 'yh_id': 'golf.p.18556$golf.g.202524', 'yh_salary': 27.0}",2025-06-12 00:28:28 UTC
1,26,U.S. Open,"{'am': 0, 'country': 'FRA', 'course': 'Oakmont Country Club', 'dg_id': 20730, 'dk_id': '39052752', 'dk_salary': 5900, 'early_late': 0, 'fd_id': '117709-78666', 'fd_salary': 8300, 'flag': 'FRA', 'pga_number': 47679, 'player_name': 'Perez, Victor', 'r1_teetime': '2025-06-12 12:52', 'r2_teetime': '2025-06-13 07:07', 'r3_teetime': None, 'r4_teetime': None, 'start_hole': 1, 'unofficial': 0, 'yh_id': 'golf.p.21086$golf.g.202524', 'yh_salary': 31.0}",2025-06-12 00:28:28 UTC
1,26,U.S. Open,"{'am': 0, 'country': 'USA', 'course': 'Oakmont Country Club', 'dg_id': 26913, 'dk_id': '39052789', 'dk_salary': 5400, 'early_late': 1, 'fd_id': '117709-112143', 'fd_salary': 7000, 'flag': 'USA', 'pga_number': 57625, 'player_name': 'Phillips, Trent', 'r1_teetime': '2025-06-12 06:45', 'r2_teetime': '2025-06-13 12:30', 'r3_teetime': None, 'r4_teetime': None, 'start_hole': 1, 'unofficial': 0, 'yh_id': 'golf.p.23382$golf.g.202524', 'yh_salary': 20.0}",2025-06-12 00:28:28 UTC
1,26,U.S. Open,"{'am': 1, 'country': 'USA', 'course': 'Oakmont Country Club', 'dg_id': 30035503, 'dk_id': '39052817', 'dk_salary': 5000, 'early_late': 0, 'fd_id': '117709-226959', 'fd_salary': 7000, 'flag': 'USA', 'pga_number': 68610, 'player_name': 'Pollo, Zachery', 'r1_teetime': '2025-06-12 14:20', 'r2_teetime': '2025-06-13 08:35', 'r3_teetime': None, 'r4_teetime': None, 'start_hole': 10, 'unofficial': 0, 'yh_id': 'n/a', 'yh_salary': 0.0}",2025-06-12 00:28:28 UTC
1,26,U.S. Open,"{'am': 0, 'country': 'USA', 'course': 'Oakmont Country Club', 'dg_id': 21554, 'dk_id': '39052718', 'dk_salary': 6600, 'early_late': 0, 'fd_id': '117709-78689', 'fd_salary': 8400, 'flag': 'USA', 'pga_number': 49771, 'player_name': 'Poston, J.T.', 'r1_teetime': '2025-06-12 13:36', 'r2_teetime': '2025-06-13 07:51', 'r3_teetime': None, 'r4_teetime': None, 'start_hole': 10, 'unofficial': 0, 'yh_id': 'golf.p.20845$golf.g.202524', 'yh_salary': 26.0}",2025-06-12 00:28:28 UTC
1,26,U.S. Open,"{'am': 0, 'country': 'ESP', 'course': 'Oakmont Country Club', 'dg_id': 19195, 'dk_id': '39052678', 'dk_salary': 10200, 'early_late': 0, 'fd_id': '117709-78707', 'fd_salary': 11900, 'flag': 'ESP', 'pga_number': 46970, 'player_name': 'Rahm, Jon', 'r1_teetime': '2025-06-12 13:14', 'r2_teetime': '2025-06-13 07:29', 'r3_teetime': None, 'r4_teetime': None, 'start_hole': 10, 'unofficial': 0, 'yh_id': 'golf.p.18796$golf.g.202524', 'yh_salary': 20.0}",2025-06-12 00:28:28 UTC
1,26,U.S. Open,"{'am': 0, 'country': 'ENG', 'course': 'Oakmont Country Club', 'dg_id': 18554, 'dk_id': '39052724', 'dk_salary': 6400, 'early_late': 0, 'fd_id': '117709-78709', 'fd_salary': 8900, 'flag': 'ENG', 'pga_number': 46414, 'player_name': 'Rai, Aaron', 'r1_teetime': '2025-06-12 13:58', 'r2_teetime': '2025-06-13 08:13', 'r3_teetime': None, 'r4_teetime': None, 'start_hole': 10, 'unofficial': 0, 'yh_id': 'golf.p.20884$golf.g.202524', 'yh_salary': 30.0}",2025-06-12 00:28:28 UTC
1,26,U.S. Open,"{'am': 0, 'country': 'USA', 'course': 'Oakmont Country Club', 'dg_id': 14838, 'dk_id': '39052706', 'dk_salary': 6900, 'early_late': 0, 'fd_id': '117709-78722', 'fd_salary': 9000, 'flag': 'USA', 'pga_number': 34360, 'player_name': 'Reed, Patrick', 'r1_teetime': '2025-06-12 13:36', 'r2_teetime': '2025-06-13 07:51', 'r3_teetime': None, 'r4_teetime': None, 'start_hole': 1, 'unofficial': 0, 'yh_id': 'golf.p.11250$golf.g.202524', 'yh_salary': 22.0}",2025-06-12 00:28:28 UTC
1,26,U.S. Open,"{'am': 0, 'country': 'USA', 'course': 'Oakmont Country Club', 'dg_id': 19872, 'dk_id': '39052738', 'dk_salary': 6200, 'early_late': 1, 'fd_id': '117709-79599', 'fd_salary': 8300, 'flag': 'USA', 'pga_number': 47995, 'player_name': 'Riley, Davis', 'r1_teetime': '2025-06-12 08:24', 'r2_teetime': '2025-06-13 14:09', 'r3_teetime': None, 'r4_teetime': None, 'start_hole': 10, 'unofficial': 0, 'yh_id': 'golf.p.19934$golf.g.202524', 'yh_salary': 22.0}",2025-06-12 00:28:28 UTC
1,26,U.S. Open,"{'am': 0, 'country': 'ENG', 'course': 'Oakmont Country Club', 'dg_id': 6093, 'dk_id': '39052704', 'dk_salary': 6900, 'early_late': 1, 'fd_id': '117709-78744', 'fd_salary': 9400, 'flag': 'ENG', 'pga_number': 22405, 'player_name': 'Rose, Justin', 'r1_teetime': '2025-06-12 07:40', 'r2_teetime': '2025-06-13 13:25', 'r3_teetime': None, 'r4_teetime': None, 'start_hole': 10, 'unofficial': 0, 'yh_id': 'golf.p.1038$golf.g.202524', 'yh_salary': 36.0}",2025-06-12 00:28:28 UTC
1,26,U.S. Open,"{'am': 0, 'country': 'USA', 'course': 'Oakmont Country Club', 'dg_id': 19895, 'dk_id': '39052677', 'dk_salary': 10400, 'early_late': 1, 'fd_id': '117709-78766', 'fd_salary': 11800, 'flag': 'USA', 'pga_number': 48081, 'player_name': 'Schauffele, Xander', 'r1_teetime': '2025-06-12 07:29', 'r2_teetime': '2025-06-13 13:14', 'r3_teetime': None, 'r4_teetime': None, 'start_hole': 1, 'unofficial': 0, 'yh_id': 'golf.p.20376$golf.g.202524', 'yh_salary': 44.0}",2025-06-12 00:28:28 UTC
1,26,U.S. Open,"{'am': 0, 'country': 'USA', 'course': 'Oakmont Country Club', 'dg_id': 18417, 'dk_id': '39052674', 'dk_salary': 14400, 'early_late': 0, 'fd_id': '117709-78767', 'fd_salary': 13800, 'flag': 'USA', 'pga_number': 46046, 'player_name': 'Scheffler, Scottie', 'r1_teetime': '2025-06-12 13:25', 'r2_teetime': '2025-06-13 07:40', 'r3_teetime': None, 'r4_teetime': None, 'start_hole': 1, 'unofficial': 0, 'yh_id': 'golf.p.18340$golf.g.202524', 'yh_salary': 45.0}",2025-06-12 00:28:28 UTC
1,26,U.S. Open,"{'am': 0, 'country': 'USA', 'course': 'Oakmont Country Club', 'dg_id': 19477, 'dk_id': '39052772', 'dk_salary': 5600, 'early_late': 0, 'fd_id': '117709-78769', 'fd_salary': 7000, 'flag': 'USA', 'pga_number': 47347, 'player_name': 'Schenk, Adam', 'r1_teetime': '2025-06-12 12:52', 'r2_teetime': '2025-06-13 07:07', 'r3_teetime': None, 'r4_teetime': None, 'start_hole': 1, 'unofficial': 0, 'yh_id': 'golf.p.19122$golf.g.202524', 'yh_salary': 28.0}",2025-06-12 00:28:28 UTC
1,26,U.S. Open,"{'am': 0, 'country': 'AUS', 'course': 'Oakmont Country Club', 'dg_id': 6430, 'dk_id': '39052715', 'dk_salary': 6600, 'early_late': 1, 'fd_id': '117709-78780', 'fd_salary': 8500, 'flag': 'AUS', 'pga_number': 24502, 'player_name': 'Scott, Adam', 'r1_teetime': '2025-06-12 07:18', 'r2_teetime': '2025-06-13 13:03', 'r3_teetime': None, 'r4_teetime': None, 'start_hole': 10, 'unofficial': 0, 'yh_id': 'golf.p.3176$golf.g.202524', 'yh_salary': 25.0}",2025-06-12 00:28:28 UTC
1,26,U.S. Open,"{'am': 1, 'country': 'USA', 'course': 'Oakmont Country Club', 'dg_id': 30037717, 'dk_id': '39052784', 'dk_salary': 5400, 'early_late': 1, 'fd_id': '117709-226898', 'fd_salary': 7200, 'flag': 'USA', 'pga_number': 68614, 'player_name': 'Simpson, Lance', 'r1_teetime': '2025-06-12 08:57', 'r2_teetime': '2025-06-13 14:42', 'r3_teetime': None, 'r4_teetime': None, 'start_hole': 10, 'unofficial': 0, 'yh_id': 'n/a', 'yh_salary': 0.0}",2025-06-12 00:28:28 UTC
1,26,U.S. Open,"{'am': 0, 'country': 'AUS', 'course': 'Oakmont Country Club', 'dg_id': 15856, 'dk_id': '39052696', 'dk_salary': 7200, 'early_late': 1, 'fd_id': '117709-78815', 'fd_salary': 10100, 'flag': 'AUS', 'pga_number': 35891, 'player_name': 'Smith, Cameron', 'r1_teetime': '2025-06-12 08:02', 'r2_teetime': '2025-06-13 13:47', 'r3_teetime': None, 'r4_teetime': None, 'start_hole': 10, 'unofficial': 0, 'yh_id': 'golf.p.13080$golf.g.202524', 'yh_salary': 27.0}",2025-06-12 00:28:28 UTC
1,26,U.S. Open,"{'am': 0, 'country': 'ENG', 'course': 'Oakmont Country Club', 'dg_id': 18586, 'dk_id': '39052760', 'dk_salary': 5800, 'early_late': 1, 'fd_id': '117709-78817', 'fd_salary': 7700, 'flag': 'ENG', 'pga_number': 46464, 'player_name': 'Smith, Jordan', 'r1_teetime': '2025-06-12 06:56', 'r2_teetime': '2025-06-13 12:41', 'r3_teetime': None, 'r4_teetime': None, 'start_hole': 10, 'unofficial': 0, 'yh_id': 'golf.p.18444$golf.g.202524', 'yh_salary': 27.0}",2025-06-12 00:28:28 UTC
1,26,U.S. Open,"{'am': 0, 'country': 'USA', 'course': 'Oakmont Country Club', 'dg_id': 17536, 'dk_id': '39052710', 'dk_salary': 6700, 'early_late': 1, 'fd_id': '117709-78831', 'fd_salary': 8600, 'flag': 'USA', 'pga_number': 39324, 'player_name': 'Spaun, J.J.', 'r1_teetime': '2025-06-12 07:07', 'r2_teetime': '2025-06-13 12:52', 'r3_teetime': None, 'r4_teetime': None, 'start_hole': 10, 'unofficial': 0, 'yh_id': 'golf.p.20374$golf.g.202524', 'yh_salary': 31.0}",2025-06-12 00:28:28 UTC
1,26,U.S. Open,"{'am': 0, 'country': 'USA', 'course': 'Oakmont Country Club', 'dg_id': 14636, 'dk_id': '39052691', 'dk_salary': 7500, 'early_late': 0, 'fd_id': '117709-78833', 'fd_salary': 10500, 'flag': 'USA', 'pga_number': 34046, 'player_name': 'Spieth, Jordan', 'r1_teetime': '2025-06-12 13:14', 'r2_teetime': '2025-06-13 07:29', 'r3_teetime': None, 'r4_teetime': None, 'start_hole': 10, 'unofficial': 0, 'yh_id': 'golf.p.11107$golf.g.202524', 'yh_salary': 24.0}",2025-06-12 00:28:28 UTC
1,26,U.S. Open,"{'am': 0, 'country': 'USA', 'course': 'Oakmont Country Club', 'dg_id': 25569, 'dk_id': '39052753', 'dk_salary': 5900, 'early_late': 1, 'fd_id': '117709-165953', 'fd_salary': 8100, 'flag': 'USA', 'pga_number': 55893, 'player_name': 'Stevens, Sam', 'r1_teetime': '2025-06-12 08:24', 'r2_teetime': '2025-06-13 14:09', 'r3_teetime': None, 'r4_teetime': None, 'start_hole': 1, 'unofficial': 0, 'yh_id': 'golf.p.23312$golf.g.202524', 'yh_salary': 29.0}",2025-06-12 00:28:28 UTC
1,26,U.S. Open,"{'am': 0, 'country': 'AUT', 'course': 'Oakmont Country Club', 'dg_id': 17511, 'dk_id': '39052689', 'dk_salary': 7700, 'early_late': 0, 'fd_id': '117709-80579', 'fd_salary': 10700, 'flag': 'AUT', 'pga_number': 49960, 'player_name': 'Straka, Sepp', 'r1_teetime': '2025-06-12 13:25', 'r2_teetime': '2025-06-13 07:40', 'r3_teetime': None, 'r4_teetime': None, 'start_hole': 10, 'unofficial': 0, 'yh_id': 'golf.p.13928$golf.g.202524', 'yh_salary': 42.0}",2025-06-12 00:28:28 UTC
1,26,U.S. Open,"{'am': 0, 'country': 'JPN', 'course': 'Oakmont Country Club', 'dg_id': 24223, 'dk_id': '39052777', 'dk_salary': 5500, 'early_late': 0, 'fd_id': '117709-205030', 'fd_salary': 7100, 'flag': 'JPN', 'pga_number': 54218, 'player_name': 'Sugiura, Yuta', 'r1_teetime': '2025-06-12 14:09', 'r2_teetime': '2025-06-13 08:24', 'r3_teetime': None, 'r4_teetime': None, 'start_hole': 10, 'unofficial': 0, 'yh_id': 'golf.p.25810$golf.g.202524', 'yh_salary': 24.0}",2025-06-12 00:28:28 UTC
1,26,U.S. Open,"{'am': 0, 'country': 'USA', 'course': 'Oakmont Country Club', 'dg_id': 26746, 'dk_id': '39052773', 'dk_salary': 5600, 'early_late': 0, 'fd_id': '117709-151435', 'fd_salary': 7400, 'flag': 'USA', 'pga_number': 57298, 'player_name': 'Summerhays, Preston', 'r1_teetime': '2025-06-12 12:41', 'r2_teetime': '2025-06-13 06:56', 'r3_teetime': None, 'r4_teetime': None, 'start_hole': 10, 'unofficial': 0, 'yh_id': 'golf.p.23325$golf.g.202524', 'yh_salary': 20.0}",2025-06-12 00:28:28 UTC
1,26,U.S. Open,"{'am': 1, 'country': 'USA', 'course': 'Oakmont Country Club', 'dg_id': 28271, 'dk_id': '39052786', 'dk_salary': 5400, 'early_late': 1, 'fd_id': '117709-226899', 'fd_salary': 7000, 'flag': 'USA', 'pga_number': 59865, 'player_name': 'Tankersley, Cameron', 'r1_teetime': '2025-06-12 08:46', 'r2_teetime': '2025-06-13 14:31', 'r3_teetime': None, 'r4_teetime': None, 'start_hole': 1, 'unofficial': 0, 'yh_id': 'n/a', 'yh_salary': 0.0}",2025-06-12 00:28:28 UTC
1,26,U.S. Open,"{'am': 0, 'country': 'CAN', 'course': 'Oakmont Country Club', 'dg_id': 13126, 'dk_id': '39052732', 'dk_salary': 6300, 'early_late': 0, 'fd_id': '117709-78889', 'fd_salary': 9100, 'flag': 'CAN', 'pga_number': 25493, 'player_name': 'Taylor, Nick', 'r1_teetime': '2025-06-12 13:03', 'r2_teetime': '2025-06-13 07:18', 'r3_teetime': None, 'r4_teetime': None, 'start_hole': 10, 'unofficial': 0, 'yh_id': 'golf.p.4027$golf.g.202524', 'yh_salary': 29.0}",2025-06-12 00:28:28 UTC
1,26,U.S. Open,"{'am': 0, 'country': 'USA', 'course': 'Oakmont Country Club', 'dg_id': 14139, 'dk_id': '39052682', 'dk_salary': 9000, 'early_late': 0, 'fd_id': '117709-78893', 'fd_salary': 11000, 'flag': 'USA', 'pga_number': 33448, 'player_name': 'Thomas, Justin', 'r1_teetime': '2025-06-12 13:03', 'r2_teetime': '2025-06-13 07:18', 'r3_teetime': None, 'r4_teetime': None, 'start_hole': 1, 'unofficial': 0, 'yh_id': 'golf.p.10701$golf.g.202524', 'yh_salary': 43.0}",2025-06-12 00:28:28 UTC
1,26,U.S. Open,"{'am': 0, 'country': 'USA', 'course': 'Oakmont Country Club', 'dg_id': 27364, 'dk_id': '39052723', 'dk_salary': 6500, 'early_late': 1, 'fd_id': '117709-118173', 'fd_salary': 8800, 'flag': 'USA', 'pga_number': 58168, 'player_name': 'Thompson, Davis', 'r1_teetime': '2025-06-12 08:02', 'r2_teetime': '2025-06-13 13:47', 'r3_teetime': None, 'r4_teetime': None, 'start_hole': 1, 'unofficial': 0, 'yh_id': 'golf.p.23501$golf.g.202524', 'yh_salary': 22.0}",2025-06-12 00:28:28 UTC
1,26,U.S. Open,"{'am': 0, 'country': 'USA', 'course': 'Oakmont Country Club', 'dg_id': 18239, 'dk_id': '39052800', 'dk_salary': 5200, 'early_late': 0, 'fd_id': '117709-102668', 'fd_salary': 7000, 'flag': 'USA', 'pga_number': 45733, 'player_name': 'Truslow, Austen', 'r1_teetime': '2025-06-12 14:42', 'r2_teetime': '2025-06-13 08:57', 'r3_teetime': None, 'r4_teetime': None, 'start_hole': 10, 'unofficial': 0, 'yh_id': 'n/a', 'yh_salary': 0.0}",2025-06-12 00:28:28 UTC
1,26,U.S. Open,"{'am': 0, 'country': 'RSA', 'course': 'Oakmont Country Club', 'dg_id': 17550, 'dk_id': '39052740', 'dk_salary': 6100, 'early_late': 0, 'fd_id': '117709-78931', 'fd_salary': 8400, 'flag': 'RSA', 'pga_number': 40006, 'player_name': 'Van Rooyen, Erik', 'r1_teetime': '2025-06-12 12:52', 'r2_teetime': '2025-06-13 07:07', 'r3_teetime': None, 'r4_teetime': None, 'start_hole': 10, 'unofficial': 0, 'yh_id': 'golf.p.16790$golf.g.202524', 'yh_salary': 20.0}",2025-06-12 00:28:28 UTC
1,26,U.S. Open,"{'am': 0, 'country': 'VEN', 'course': 'Oakmont Country Club', 'dg_id': 13508, 'dk_id': '39052764', 'dk_salary': 5700, 'early_late': 0, 'fd_id': '117709-78938', 'fd_salary': 8000, 'flag': 'VEN', 'pga_number': 27064, 'player_name': 'Vegas, Jhonattan', 'r1_teetime': '2025-06-12 13:47', 'r2_teetime': '2025-06-13 08:02', 'r3_teetime': None, 'r4_teetime': None, 'start_hole': 10, 'unofficial': 0, 'yh_id': 'golf.p.5943$golf.g.202524', 'yh_salary': 23.0}",2025-06-12 00:28:28 UTC
1,26,U.S. Open,"{'am': 0, 'country': 'USA', 'course': 'Oakmont Country Club', 'dg_id': 27762, 'dk_id': '39052807', 'dk_salary': 5100, 'early_late': 1, 'fd_id': '117709-203113', 'fd_salary': 7000, 'flag': 'USA', 'pga_number': 58619, 'player_name': 'Velo, Kevin', 'r1_teetime': '2025-06-12 06:45', 'r2_teetime': '2025-06-13 12:30', 'r3_teetime': None, 'r4_teetime': None, 'start_hole': 1, 'unofficial': 0, 'yh_id': 'golf.p.24428$golf.g.202524', 'yh_salary': 20.0}",2025-06-12 00:28:28 UTC
1,26,U.S. Open,"{'am': 0, 'country': 'ZIM', 'course': 'Oakmont Country Club', 'dg_id': 14559, 'dk_id': '39052774', 'dk_salary': 5600, 'early_late': 1, 'fd_id': '117709-78943', 'fd_salary': 7300, 'flag': 'ZIM', 'pga_number': 34126, 'player_name': 'Vincent, Scott', 'r1_teetime': '2025-06-12 06:45', 'r2_teetime': '2025-06-13 12:30', 'r3_teetime': None, 'r4_teetime': None, 'start_hole': 10, 'unofficial': 0, 'yh_id': 'n/a', 'yh_salary': 0.0}",2025-06-12 00:28:28 UTC
1,26,U.S. Open,"{'am': 1, 'country': 'USA', 'course': 'Oakmont Country Club', 'dg_id': 30032406, 'dk_id': '39052822', 'dk_salary': 5000, 'early_late': 1, 'fd_id': '117709-226960', 'fd_salary': 7000, 'flag': 'USA', 'pga_number': 68613, 'player_name': 'Vogt, Matt', 'r1_teetime': '2025-06-12 06:45', 'r2_teetime': '2025-06-13 12:30', 'r3_teetime': None, 'r4_teetime': None, 'start_hole': 1, 'unofficial': 0, 'yh_id': 'n/a', 'yh_salary': 0.0}",2025-06-12 00:28:28 UTC
1,26,U.S. Open,"{'am': 0, 'country': 'ENG', 'course': 'Oakmont Country Club', 'dg_id': 20706, 'dk_id': '39052733', 'dk_salary': 6300, 'early_late': 0, 'fd_id': '117709-78951', 'fd_salary': 8300, 'flag': 'ENG', 'pga_number': 48887, 'player_name': 'Wallace, Matt', 'r1_teetime': '2025-06-12 12:52', 'r2_teetime': '2025-06-13 07:07', 'r3_teetime': None, 'r4_teetime': None, 'start_hole': 10, 'unofficial': 0, 'yh_id': 'golf.p.20651$golf.g.202524', 'yh_salary': 33.0}",2025-06-12 00:28:28 UTC
1,26,U.S. Open,"{'am': 1, 'country': 'ENG', 'course': 'Oakmont Country Club', 'dg_id': 30035392, 'dk_id': '39052808', 'dk_salary': 5100, 'early_late': 0, 'fd_id': '117709-226955', 'fd_salary': 7000, 'flag': 'ENG', 'pga_number': 68612, 'player_name': 'Weaver, Tyler', 'r1_teetime': '2025-06-12 14:31', 'r2_teetime': '2025-06-13 08:46', 'r3_teetime': None, 'r4_teetime': None, 'start_hole': 10, 'unofficial': 0, 'yh_id': 'n/a', 'yh_salary': 0.0}",2025-06-12 00:28:28 UTC
1,26,U.S. Open,"{'am': 0, 'country': 'USA', 'course': 'Oakmont Country Club', 'dg_id': 12577, 'dk_id': '39052746', 'dk_salary': 6000, 'early_late': 1, 'fd_id': '117709-78998', 'fd_salary': 7800, 'flag': 'USA', 'pga_number': 31323, 'player_name': 'Woodland, Gary', 'r1_teetime': '2025-06-12 07:40', 'r2_teetime': '2025-06-13 13:25', 'r3_teetime': None, 'r4_teetime': None, 'start_hole': 1, 'unofficial': 0, 'yh_id': 'golf.p.9366$golf.g.202524', 'yh_salary': 34.0}",2025-06-12 00:28:28 UTC
1,26,U.S. Open,"{'am': 0, 'country': 'USA', 'course': 'Oakmont Country Club', 'dg_id': 26651, 'dk_id': '39052719', 'dk_salary': 6500, 'early_late': 0, 'fd_id': '117709-107336', 'fd_salary': 8900, 'flag': 'USA', 'pga_number': 57366, 'player_name': 'Young, Cameron', 'r1_teetime': '2025-06-12 13:36', 'r2_teetime': '2025-06-13 07:51', 'r3_teetime': None, 'r4_teetime': None, 'start_hole': 10, 'unofficial': 0, 'yh_id': 'golf.p.23294$golf.g.202524', 'yh_salary': 20.0}",2025-06-12 00:28:28 UTC
