current_season,schedule,tour
2025,"{'course': 'Royal Queensland GC', 'course_key': 'royal queensland gc', 'event_id': '2025100', 'event_name': 'BMW Australian PGA Championship', 'latitude': -27.439, 'location': 'Brisbane, Australia', 'longitude': 153.092, 'start_date': '2024-11-21', 'tour': 'euro'}","pga, kft, euro, alt (liv golf)"
2025,"{'course': 'Kingston Heath GC', 'course_key': 'kingston heath gc', 'event_id': '2025101', 'event_name': 'ISPS Handa Australian Open', 'latitude': -37.955, 'location': 'Melbourne, Victoria, Australia', 'longitude': 145.086, 'start_date': '2024-11-28', 'tour': 'euro'}","pga, kft, euro, alt (liv golf)"
2025,"{'course': 'Gary Player CC', 'course_key': 'gary player cc', 'event_id': '2025102', 'event_name': 'Nedbank Golf Challenge', 'latitude': -25.339, 'location': 'Sun City, South Africa', 'longitude': 27.106, 'start_date': '2024-12-05', 'tour': 'euro'}","pga, kft, euro, alt (liv golf)"
2025,"{'course': 'Leopard Creek CC', 'course_key': 'leopard creek cc', 'event_id': '2025103', 'event_name': 'Alfred Dunhill Championship', 'latitude': -25.442, 'location': 'Malalane, South Africa', 'longitude': 31.535, 'start_date': '2024-12-12', 'tour': 'euro'}","pga, kft, euro, alt (liv golf)"
2025,"{'course': 'Mont Choisy Le Golf', 'course_key': 'mont choisy le golf', 'event_id': '2025104', 'event_name': 'AfrAsia Bank Mauritius Open', 'latitude': -20.024, 'location': 'Grand-Baie, Mauritius', 'longitude': 57.565, 'start_date': '2024-12-19', 'tour': 'euro'}","pga, kft, euro, alt (liv golf)"
2025,"{'course': 'Plantation Course at Kapalua', 'course_key': '656', 'event_id': 16, 'event_name': 'The Sentry', 'latitude': 21.001, 'location': 'Kapalua, HI', 'longitude': -156.654, 'start_date': '2025-01-02', 'tour': 'pga'}","pga, kft, euro, alt (liv golf)"
2025,"{'course': 'Waialae Country Club', 'course_key': '006', 'event_id': 6, 'event_name': 'Sony Open in Hawaii', 'latitude': 21.272, 'location': 'Honolulu, HI', 'longitude': -157.775, 'start_date': '2025-01-09', 'tour': 'pga'}","pga, kft, euro, alt (liv golf)"
2025,"{'course': 'The Ocean Club Golf Course at Atlantis', 'course_key': '097', 'event_id': 124, 'event_name': 'The Bahamas Golf Classic at Atlantis Paradise Island', 'latitude': 25.081, 'location': 'Nassau, The Bahamas', 'longitude': -77.299, 'start_date': '2025-01-12', 'tour': 'kft'}","pga, kft, euro, alt (liv golf)"
2025,"{'course': 'Pete Dye Stadium Course;La Quinta Country Club;Nicklaus Tournament Course', 'course_key': '704;202;233', 'event_id': 2, 'event_name': 'The American Express', 'latitude': 33.643, 'location': 'La Quinta, CA', 'longitude': -116.267, 'start_date': '2025-01-16', 'tour': 'pga'}","pga, kft, euro, alt (liv golf)"
2025,"{'course': 'Emirates GC', 'course_key': 'emirates gc', 'event_id': '2025106', 'event_name': 'Hero Dubai Desert Classic', 'latitude': 25.263, 'location': 'Dubai, UAE', 'longitude': 55.297, 'start_date': '2025-01-16', 'tour': 'euro'}","pga, kft, euro, alt (liv golf)"
2025,"{'course': 'The Abaco Club on Winding Bay', 'course_key': '800', 'event_id': 125, 'event_name': 'The Bahamas Great Abaco Classic at The Abaco Club', 'latitude': 26.3, 'location': 'Cherokee, Great Abaco, Bahamas', 'longitude': -77.021, 'start_date': '2025-01-19', 'tour': 'kft'}","pga, kft, euro, alt (liv golf)"
2025,"{'course': 'Torrey Pines Golf Course (South Course);Torrey Pines Golf Course (North Course)', 'course_key': '004;104', 'event_id': 4, 'event_name': 'Farmers Insurance Open', 'latitude': 32.905, 'location': 'San Diego, CA', 'longitude': -117.245, 'start_date': '2025-01-22', 'tour': 'pga'}","pga, kft, euro, alt (liv golf)"
2025,"{'course': 'Al Hamra GC', 'course_key': 'al hamra gc', 'event_id': '2025107', 'event_name': 'Ras Al Khaimah Championship', 'latitude': 25.69, 'location': 'Ras Al Khaimah, UAE', 'longitude': 55.777, 'start_date': '2025-01-23', 'tour': 'euro'}","pga, kft, euro, alt (liv golf)"
2025,"{'course': 'Royal GC', 'course_key': 'royal golf club', 'event_id': '2025108', 'event_name': 'Bapco Energies Bahrain Championship', 'latitude': 26.092, 'location': 'Al Mazrowiah, Bahrain', 'longitude': 50.566, 'start_date': '2025-01-30', 'tour': 'euro'}","pga, kft, euro, alt (liv golf)"
2025,"{'course': 'Pebble Beach Golf Links;Spyglass Hill Golf Course', 'course_key': '005;205', 'event_id': 5, 'event_name': 'AT&T Pebble Beach Pro-Am', 'latitude': 36.569, 'location': 'Pebble Beach, CA', 'longitude': -121.951, 'start_date': '2025-01-30', 'tour': 'pga'}","pga, kft, euro, alt (liv golf)"
2025,"{'course': 'Club de Golf de Panama', 'course_key': '659', 'event_id': 84, 'event_name': 'The Panama Championship', 'latitude': 9.084, 'location': 'Corredor Norte, Panama', 'longitude': -79.474, 'start_date': '2025-01-30', 'tour': 'kft'}","pga, kft, euro, alt (liv golf)"
2025,"{'course': 'Country Club de Bogota-Lagos;Country Club de Bogota-Pacos', 'course_key': '735;809', 'event_id': 104, 'event_name': 'Astara Golf Championship presented by Mastercard', 'latitude': 4.71, 'location': 'Bogota, Colombia', 'longitude': -74.042, 'start_date': '2025-02-06', 'tour': 'kft'}","pga, kft, euro, alt (liv golf)"
2025,"{'course': 'TPC Scottsdale (Stadium Course)', 'course_key': '510', 'event_id': 3, 'event_name': 'WM Phoenix Open', 'latitude': 33.64, 'location': 'Scottsdale, AZ', 'longitude': -111.91, 'start_date': '2025-02-06', 'tour': 'pga'}","pga, kft, euro, alt (liv golf)"
2025,"{'course': 'Doha GC', 'course_key': 'doha gc', 'event_id': '2025142', 'event_name': 'Commercial Bank Qatar Masters', 'latitude': 25.384, 'location': 'Doha, Qatar', 'longitude': 51.507, 'start_date': '2025-02-06', 'tour': 'euro'}","pga, kft, euro, alt (liv golf)"
2025,"{'course': 'Riyadh Golf Club', 'course_key': '27', 'event_id': '39', 'event_name': 'Riyadh', 'latitude': 24.959, 'location': 'Riyadh, Saudi Arabia', 'longitude': 46.576, 'start_date': '2025-02-07', 'tour': 'alt (liv golf)'}","pga, kft, euro, alt (liv golf)"
2025,"{'course': 'Torrey Pines Golf Course (South Course)', 'course_key': '004', 'event_id': 7, 'event_name': 'The Genesis Invitational', 'latitude': 32.905, 'location': 'San Diego, CA', 'longitude': -117.245, 'start_date': '2025-02-13', 'tour': 'pga'}","pga, kft, euro, alt (liv golf)"
2025,"{'course': 'The Grange Golf Club', 'course_key': '12', 'event_id': '40', 'event_name': 'Adelaide', 'latitude': -34.888, 'location': 'Grange, Australia', 'longitude': 138.5, 'start_date': '2025-02-14', 'tour': 'alt (liv golf)'}","pga, kft, euro, alt (liv golf)"
2025,"{'course': 'VidantaWorld', 'course_key': '978', 'event_id': 540, 'event_name': 'Mexico Open at VidantaWorld', 'latitude': 20.7, 'location': 'Vallarta, Mexico', 'longitude': -105.3, 'start_date': '2025-02-20', 'tour': 'pga'}","pga, kft, euro, alt (liv golf)"
2025,"{'course': 'Muthaiga GC', 'course_key': 'muthaiga gc', 'event_id': '2025109', 'event_name': 'Magical Kenya Open', 'latitude': -1.259, 'location': 'Nairobi, Kenya', 'longitude': 36.837, 'start_date': '2025-02-20', 'tour': 'euro'}","pga, kft, euro, alt (liv golf)"
2025,"{'course': 'Jockey Club', 'course_key': '107', 'event_id': 170, 'event_name': '118 Visa Argentina Open presented by Macro', 'latitude': -34.486, 'location': 'San Isidro, Buenos Aires, Argentina', 'longitude': -58.533, 'start_date': '2025-02-27', 'tour': 'kft'}","pga, kft, euro, alt (liv golf)"
2025,"{'course': 'PGA National Resort (The Champion Course)', 'course_key': '928', 'event_id': 10, 'event_name': 'Cognizant Classic in The Palm Beaches', 'latitude': 26.829, 'location': 'Palm Beach Gardens, FL', 'longitude': -80.141, 'start_date': '2025-02-27', 'tour': 'pga'}","pga, kft, euro, alt (liv golf)"
2025,"{'course': 'Durban CC', 'course_key': 'durban country club', 'event_id': '2025110', 'event_name': 'Investec South African Open Championship', 'latitude': -29.828, 'location': 'Durban, South Africa', 'longitude': 31.034, 'start_date': '2025-02-27', 'tour': 'euro'}","pga, kft, euro, alt (liv golf)"
2025,"{'course': ""Arnold Palmer's Bay Hill Club & Lodge"", 'course_key': '009', 'event_id': 9, 'event_name': 'Arnold Palmer Invitational presented by Mastercard', 'latitude': 28.458, 'location': 'Bay Hill, FL', 'longitude': -81.511, 'start_date': '2025-03-06', 'tour': 'pga'}","pga, kft, euro, alt (liv golf)"
2025,"{'course': 'Grand Reserve Golf Club', 'course_key': '742', 'event_id': 483, 'event_name': 'Puerto Rico Open', 'latitude': 18.405, 'location': 'Rio Grande, Puerto Rico', 'longitude': -65.799, 'start_date': '2025-03-06', 'tour': 'pga'}","pga, kft, euro, alt (liv golf)"
2025,"{'course': 'Prince of Wales Country Club', 'course_key': '776', 'event_id': 107, 'event_name': 'Astara Chile Classic presented by Scotiabank', 'latitude': -33.434, 'location': 'Santiago, Chile', 'longitude': -70.566, 'start_date': '2025-03-06', 'tour': 'kft'}","pga, kft, euro, alt (liv golf)"
2025,"{'course': 'Houghton GC', 'course_key': 'houghton gc', 'event_id': '2025111', 'event_name': 'Joburg Open', 'latitude': -26.164, 'location': 'Johannesburg, South Africa', 'longitude': 28.07, 'start_date': '2025-03-06', 'tour': 'euro'}","pga, kft, euro, alt (liv golf)"
2025,"{'course': 'Hong Kong Golf Club', 'course_key': '20', 'event_id': '41', 'event_name': 'Hong Kong', 'latitude': 22.496, 'location': 'Sheung Shui, Hong Kong', 'longitude': 114.121, 'start_date': '2025-03-07', 'tour': 'alt (liv golf)'}","pga, kft, euro, alt (liv golf)"
2025,"{'course': 'TPC Sawgrass (THE PLAYERS Stadium Course)', 'course_key': '011', 'event_id': 11, 'event_name': 'THE PLAYERS Championship', 'latitude': 30.198, 'location': 'Ponte Vedra Beach, FL', 'longitude': -81.394, 'start_date': '2025-03-13', 'tour': 'pga'}","pga, kft, euro, alt (liv golf)"
2025,"{'course': 'Sentosa Golf Club', 'course_key': '13', 'event_id': '42', 'event_name': 'Singapore', 'latitude': 1.244, 'location': 'Singapore', 'longitude': 103.829, 'start_date': '2025-03-14', 'tour': 'alt (liv golf)'}","pga, kft, euro, alt (liv golf)"
2025,"{'course': 'Laguna National Golf Resort Club', 'course_key': 'laguna national g&cc classic course', 'event_id': '2025112', 'event_name': 'Porsche Singapore Classic', 'latitude': 1.323, 'location': 'Singapore', 'longitude': 103.963, 'start_date': '2025-03-20', 'tour': 'euro'}","pga, kft, euro, alt (liv golf)"
2025,"{'course': 'Innisbrook Resort (Copperhead Course)', 'course_key': '665', 'event_id': 475, 'event_name': 'Valspar Championship', 'latitude': 28.11, 'location': 'Palm Harbor, FL', 'longitude': -82.76, 'start_date': '2025-03-20', 'tour': 'pga'}","pga, kft, euro, alt (liv golf)"
2025,"{'course': 'DLF G&CC', 'course_key': 'dlf g&cc player course', 'event_id': '2025113', 'event_name': 'Hero Indian Open', 'latitude': 28.455, 'location': 'Gurgaon, India', 'longitude': 77.106, 'start_date': '2025-03-27', 'tour': 'euro'}","pga, kft, euro, alt (liv golf)"
2025,"{'course': 'Memorial Park Golf Course', 'course_key': '897', 'event_id': 20, 'event_name': ""Texas Children's Houston Open"", 'latitude': 29.924, 'location': 'Houston, TX', 'longitude': -95.261, 'start_date': '2025-03-27', 'tour': 'pga'}","pga, kft, euro, alt (liv golf)"
2025,"{'course': 'The Landings Golf & Athletic Club', 'course_key': '805', 'event_id': 128, 'event_name': 'Club Car Championship at The Landings Golf & Athletic Club', 'latitude': 31.93, 'location': 'Savannah, GA', 'longitude': -81.058, 'start_date': '2025-04-03', 'tour': 'kft'}","pga, kft, euro, alt (liv golf)"
2025,"{'course': 'TPC San Antonio (Oaks Course)', 'course_key': '770', 'event_id': 41, 'event_name': 'Valero Texas Open', 'latitude': 29.665, 'location': 'San Antonio, TX', 'longitude': -98.4, 'start_date': '2025-04-03', 'tour': 'pga'}","pga, kft, euro, alt (liv golf)"
2025,"{'course': 'Trump National Doral', 'course_key': '21', 'event_id': '43', 'event_name': 'Miami', 'latitude': 25.813, 'location': 'Miami, FL', 'longitude': -80.339, 'start_date': '2025-04-04', 'tour': 'alt (liv golf)'}","pga, kft, euro, alt (liv golf)"
2025,"{'course': 'Augusta National Golf Club', 'course_key': '014', 'event_id': 14, 'event_name': 'Masters Tournament', 'latitude': 33.5, 'location': 'Augusta, GA', 'longitude': -82.02, 'start_date': '2025-04-10', 'tour': 'pga'}","pga, kft, euro, alt (liv golf)"
2025,"{'course': 'Lakewood National Golf Club', 'course_key': '807', 'event_id': 129, 'event_name': 'LECOM Suncoast Classic', 'latitude': 27.437, 'location': 'Lakewood Ranch, FL', 'longitude': -82.361, 'start_date': '2025-04-16', 'tour': 'kft'}","pga, kft, euro, alt (liv golf)"
2025,"{'course': 'Harbour Town Golf Links', 'course_key': '012', 'event_id': 12, 'event_name': 'RBC Heritage', 'latitude': 32.136, 'location': 'Hilton Head Island, SC', 'longitude': -80.81, 'start_date': '2025-04-17', 'tour': 'pga'}","pga, kft, euro, alt (liv golf)"
2025,"{'course': 'Enhance Anting GC', 'course_key': 'enhance anting gc', 'event_id': '2025115', 'event_name': 'Volvo China Open', 'latitude': 31.27, 'location': 'Jiading District, China', 'longitude': 121.187, 'start_date': '2025-04-17', 'tour': 'euro'}","pga, kft, euro, alt (liv golf)"
2025,"{'course': 'Puntacana Resort & Club (Corales Golf Course)', 'course_key': '244', 'event_id': 522, 'event_name': 'Corales Puntacana Championship', 'latitude': 18.565, 'location': 'Punta Cana, La Altagracia, Dominican Republic', 'longitude': -68.34, 'start_date': '2025-04-17', 'tour': 'pga'}","pga, kft, euro, alt (liv golf)"
2025,"{'course': 'Texas Rangers Golf Club', 'course_key': '060', 'event_id': 137, 'event_name': 'Veritex Bank Championship', 'latitude': 32.777, 'location': 'Arlington, TX', 'longitude': -97.103, 'start_date': '2025-04-24', 'tour': 'kft'}","pga, kft, euro, alt (liv golf)"
2025,"{'course': 'TPC Louisiana', 'course_key': '714', 'event_id': 18, 'event_name': 'Zurich Classic of New Orleans', 'latitude': 29.902, 'location': 'Avondale, LA', 'longitude': -90.19, 'start_date': '2025-04-24', 'tour': 'pga'}","pga, kft, euro, alt (liv golf)"
2025,"{'course': 'Blackstone Course, Mission Hills Resort Haikou', 'course_key': 'blackstone course mission hills', 'event_id': '2025139', 'event_name': 'Hainan Classic', 'latitude': 19.91, 'location': 'Hainan Island, China', 'longitude': 110.322, 'start_date': '2025-04-24', 'tour': 'euro'}","pga, kft, euro, alt (liv golf)"
2025,"{'course': 'Club de Golf Chapultepec', 'course_key': '28', 'event_id': '44', 'event_name': 'Mexico City', 'latitude': 19.43, 'location': 'Mexico City, Mexico', 'longitude': -99.244, 'start_date': '2025-04-25', 'tour': 'alt (liv golf)'}","pga, kft, euro, alt (liv golf)"
2025,"{'course': 'TPC Craig Ranch', 'course_key': '921', 'event_id': 19, 'event_name': 'THE CJ CUP Byron Nelson', 'latitude': 33.14, 'location': 'McKinney, TX', 'longitude': -96.72, 'start_date': '2025-05-01', 'tour': 'pga'}","pga, kft, euro, alt (liv golf)"
2025,"{'course': 'PGA Riviera Maya', 'course_key': '098', 'event_id': 171, 'event_name': 'Tulum Championship at PGA Riviera Maya', 'latitude': 20.375, 'location': 'Akumal, Quintana Roo, Mexico', 'longitude': -87.34, 'start_date': '2025-05-01', 'tour': 'kft'}","pga, kft, euro, alt (liv golf)"
2025,"{'course': 'Jack Nicklaus Golf Course', 'course_key': '29', 'event_id': '45', 'event_name': 'Korea', 'latitude': 37.38, 'location': 'Incheon, South Korea', 'longitude': 126.624, 'start_date': '2025-05-02', 'tour': 'alt (liv golf)'}","pga, kft, euro, alt (liv golf)"
2025,"{'course': 'The Philadelphia Cricket Club (Wissahickon Course)', 'course_key': '379', 'event_id': 480, 'event_name': 'Truist Championship', 'latitude': 40.109, 'location': 'Flourtown, PA', 'longitude': -75.224, 'start_date': '2025-05-08', 'tour': 'pga'}","pga, kft, euro, alt (liv golf)"
2025,"{'course': 'Dunes Golf and Beach Club', 'course_key': '925', 'event_id': 553, 'event_name': 'ONEflight Myrtle Beach Classic', 'latitude': 33.758, 'location': 'Myrtle Beach, SC', 'longitude': -78.796, 'start_date': '2025-05-08', 'tour': 'pga'}","pga, kft, euro, alt (liv golf)"
2025,"{'course': 'Regnum Carya', 'course_key': 'regnum carya golf & spa resort', 'event_id': '2025140', 'event_name': 'Turkish Airlines Open', 'latitude': 36.863, 'location': 'Antalya, Turkey', 'longitude': 31.004, 'start_date': '2025-05-08', 'tour': 'euro'}","pga, kft, euro, alt (liv golf)"
2025,"{'course': 'Quail Hollow Club', 'course_key': '241', 'event_id': 33, 'event_name': 'PGA Championship', 'latitude': 35.116, 'location': 'Charlotte, NC', 'longitude': -80.842, 'start_date': '2025-05-15', 'tour': 'pga'}","pga, kft, euro, alt (liv golf)"
2025,"{'course': 'Blue Hills Country Club', 'course_key': '810', 'event_id': 100, 'event_name': 'AdventHealth Championship', 'latitude': 38.899, 'location': 'Kansas City, MO', 'longitude': -94.602, 'start_date': '2025-05-15', 'tour': 'kft'}","pga, kft, euro, alt (liv golf)"
2025,"{'course': 'Rinkven International GC', 'course_key': 'rinkven international gc', 'event_id': '2025117', 'event_name': 'Soudal Open', 'latitude': 51.281, 'location': 'Schilde, Belgium', 'longitude': 4.576, 'start_date': '2025-05-22', 'tour': 'euro'}","pga, kft, euro, alt (liv golf)"
2025,"{'course': 'Holston Hills Country Club', 'course_key': '063', 'event_id': 11, 'event_name': 'Visit Knoxville Open', 'latitude': 35.995, 'location': 'Knoxville, TN', 'longitude': -83.841, 'start_date': '2025-05-22', 'tour': 'kft'}","pga, kft, euro, alt (liv golf)"
2025,"{'course': 'Colonial Country Club', 'course_key': '021', 'event_id': 21, 'event_name': 'Charles Schwab Challenge', 'latitude': 32.717, 'location': 'Fort Worth, TX', 'longitude': -97.373, 'start_date': '2025-05-22', 'tour': 'pga'}","pga, kft, euro, alt (liv golf)"
2025,"{'course': 'Raleigh Country Club', 'course_key': '087', 'event_id': 48, 'event_name': 'UNC Health Championship presented by STITCH', 'latitude': 35.776, 'location': 'Raleigh, NC', 'longitude': -78.593, 'start_date': '2025-05-29', 'tour': 'kft'}","pga, kft, euro, alt (liv golf)"
2025,"{'course': 'Gut Altentann GC', 'course_key': 'gut altentann gc', 'event_id': '2025143', 'event_name': 'Austrian Alpine Open presented by SalzburgerLand', 'latitude': 47.892, 'location': 'Wallersee, Austria', 'longitude': 13.201, 'start_date': '2025-05-29', 'tour': 'euro'}","pga, kft, euro, alt (liv golf)"
2025,"{'course': 'Muirfield Village Golf Club', 'course_key': '023', 'event_id': 23, 'event_name': 'the Memorial Tournament presented by Workday', 'latitude': 40.141, 'location': 'Dublin, OH', 'longitude': -83.141, 'start_date': '2025-05-29', 'tour': 'pga'}","pga, kft, euro, alt (liv golf)"
2025,"{'course': 'The International', 'course_key': 'international', 'event_id': '2025118', 'event_name': 'KLM Open', 'latitude': 52.328, 'location': 'Badhoevedorp, Netherlands', 'longitude': 4.803, 'start_date': '2025-06-05', 'tour': 'euro'}","pga, kft, euro, alt (liv golf)"
2025,"{'course': 'TPC Toronto at Osprey Valley (North Course)', 'course_key': '935', 'event_id': 32, 'event_name': 'RBC Canadian Open', 'latitude': 43.849, 'location': 'Alton, ON', 'longitude': -80.043, 'start_date': '2025-06-05', 'tour': 'pga'}","pga, kft, euro, alt (liv golf)"
2025,"{'course': 'Thornblade Club;Carolina Country Club', 'course_key': '678;680', 'event_id': 37, 'event_name': 'BMW Charity Pro-Am presented by TD SYNNEX', 'latitude': 34.869, 'location': 'Greer, SC', 'longitude': -82.265, 'start_date': '2025-06-05', 'tour': 'kft'}","pga, kft, euro, alt (liv golf)"
2025,"{'course': 'Robert Trent Jones Golf Club', 'course_key': '30', 'event_id': '46', 'event_name': 'Virginia', 'latitude': 38.776, 'location': 'Gainesville, VA', 'longitude': -77.639, 'start_date': '2025-06-06', 'tour': 'alt (liv golf)'}","pga, kft, euro, alt (liv golf)"
2025,"{'course': 'Oakmont Country Club', 'course_key': '608', 'event_id': 26, 'event_name': 'U.S. Open', 'latitude': 40.526, 'location': 'Oakmont, PA', 'longitude': -79.827, 'start_date': '2025-06-12', 'tour': 'pga'}","pga, kft, euro, alt (liv golf)"
2025,"{'course': 'TPC River Highlands', 'course_key': '503', 'event_id': 34, 'event_name': 'Travelers Championship', 'latitude': 41.632, 'location': 'Hartford, CT', 'longitude': -72.639, 'start_date': '2025-06-19', 'tour': 'pga'}","pga, kft, euro, alt (liv golf)"
2025,"{'course': 'Crestview Country Club', 'course_key': '641', 'event_id': 23, 'event_name': 'Blue Cross and Blue Shield of Kansas Wichita Open', 'latitude': 37.702, 'location': 'Wichita, KS', 'longitude': -97.187, 'start_date': '2025-06-19', 'tour': 'kft'}","pga, kft, euro, alt (liv golf)"
2025,"{'course': 'Panther Creek Country Club', 'course_key': '055', 'event_id': 122, 'event_name': 'Memorial Health Championship presented by LRS', 'latitude': 39.729, 'location': 'Springfield, IL', 'longitude': -89.712, 'start_date': '2025-06-26', 'tour': 'kft'}","pga, kft, euro, alt (liv golf)"
2025,"{'course': 'Detroit Golf Club', 'course_key': '876', 'event_id': 524, 'event_name': 'Rocket Mortgage Classic', 'latitude': 42.426, 'location': 'Detroit, MI', 'longitude': -83.126, 'start_date': '2025-06-26', 'tour': 'pga'}","pga, kft, euro, alt (liv golf)"
2025,"{'course': 'Argentario GC', 'course_key': 'argentario gc', 'event_id': '2025119', 'event_name': 'Italian Open', 'latitude': 42.419, 'location': 'Monte Argentario, Italy', 'longitude': 11.182, 'start_date': '2025-06-26', 'tour': 'euro'}","pga, kft, euro, alt (liv golf)"
2025,"{'course': 'Maridoe Golf Club', 'course_key': '26', 'event_id': '47', 'event_name': 'Dallas', 'latitude': 32.962, 'location': 'Carrollton, TX', 'longitude': -96.871, 'start_date': '2025-06-27', 'tour': 'alt (liv golf)'}","pga, kft, euro, alt (liv golf)"
2025,"{'course': 'TPC Deere Run', 'course_key': '669', 'event_id': 30, 'event_name': 'John Deere Classic', 'latitude': 41.478, 'location': 'Silvis, IL', 'longitude': -90.392, 'start_date': '2025-07-03', 'tour': 'pga'}","pga, kft, euro, alt (liv golf)"
2025,"{'course': 'Golfclub München Eichenried', 'course_key': 'golfclub münchen eichenried', 'event_id': 'TBD', 'event_name': 'BMW International Open', 'latitude': 48.276, 'location': 'Munich, Germany', 'longitude': 11.775, 'start_date': '2025-07-03', 'tour': 'euro'}","pga, kft, euro, alt (liv golf)"
2025,"{'course': 'TPC Colorado', 'course_key': '090', 'event_id': 130, 'event_name': 'The Ascendant presented by Blue', 'latitude': 40.333, 'location': 'Berthoud, CO', 'longitude': -105.104, 'start_date': '2025-07-10', 'tour': 'kft'}","pga, kft, euro, alt (liv golf)"
2025,"{'course': 'The Renaissance Club', 'course_key': '977', 'event_id': 541, 'event_name': 'Genesis Scottish Open', 'latitude': 56.051, 'location': 'North Berwick, Scotland', 'longitude': -2.809, 'start_date': '2025-07-10', 'tour': 'pga'}","pga, kft, euro, alt (liv golf)"
2025,"{'course': 'Hurstbourne Country Club (Championship Course)', 'course_key': '934', 'event_id': 518, 'event_name': 'ISCO Championship', 'latitude': 38.24, 'location': 'Louisville, KY', 'longitude': -85.591, 'start_date': '2025-07-10', 'tour': 'pga'}","pga, kft, euro, alt (liv golf)"
2025,"{'course': 'Real Club Valderrama', 'course_key': '16', 'event_id': '48', 'event_name': 'Andalucia', 'latitude': 36.283, 'location': 'San Roque, Cádiz, Spain', 'longitude': -5.327, 'start_date': '2025-07-11', 'tour': 'alt (liv golf)'}","pga, kft, euro, alt (liv golf)"
2025,"{'course': 'Tahoe Mountain Club (Old Greenwood)', 'course_key': '931', 'event_id': 472, 'event_name': 'Barracuda Championship', 'latitude': 39.345, 'location': 'Truckee, CA', 'longitude': -120.143, 'start_date': '2025-07-17', 'tour': 'pga'}","pga, kft, euro, alt (liv golf)"
2025,"{'course': 'Royal Portrush Golf Club', 'course_key': '885', 'event_id': 100, 'event_name': 'The Open Championship', 'latitude': 55.2, 'location': 'Portrush, United Kingdom', 'longitude': -6.636, 'start_date': '2025-07-17', 'tour': 'pga'}","pga, kft, euro, alt (liv golf)"
2025,"{'course': 'Highland Springs Country Club', 'course_key': '022', 'event_id': 22, 'event_name': 'Price Cutter Charity Championship presented by Hiland Dairy Foods', 'latitude': 37.113, 'location': 'Springfield, MO', 'longitude': -93.218, 'start_date': '2025-07-17', 'tour': 'kft'}","pga, kft, euro, alt (liv golf)"
2025,"{'course': 'TPC Twin Cities', 'course_key': '883', 'event_id': 525, 'event_name': '3M Open', 'latitude': 45.177, 'location': 'Blaine, MN', 'longitude': -93.213, 'start_date': '2025-07-24', 'tour': 'pga'}","pga, kft, euro, alt (liv golf)"
2025,"{'course': 'The Glen Club', 'course_key': '082', 'event_id': 131, 'event_name': 'NV5 Invitational', 'latitude': 42.09, 'location': 'Glenview, IL', 'longitude': -87.828, 'start_date': '2025-07-24', 'tour': 'kft'}","pga, kft, euro, alt (liv golf)"
2025,"{'course': 'JCB Golf and Country Club', 'course_key': '24', 'event_id': '49', 'event_name': 'United Kingdom', 'latitude': 52.946, 'location': 'Rocester, England', 'longitude': -1.858, 'start_date': '2025-07-25', 'tour': 'alt (liv golf)'}","pga, kft, euro, alt (liv golf)"
2025,"{'course': 'Sedgefield Country Club', 'course_key': '752', 'event_id': 13, 'event_name': 'Wyndham Championship', 'latitude': 36.014, 'location': 'Greensboro, NC', 'longitude': -79.887, 'start_date': '2025-07-31', 'tour': 'pga'}","pga, kft, euro, alt (liv golf)"
2025,"{'course': 'Ogden Golf & Country Club', 'course_key': '099', 'event_id': 26, 'event_name': 'Utah Championship presented by Zions Bank and InterMountain Health', 'latitude': 41.186, 'location': 'Ogden, UT', 'longitude': -111.974, 'start_date': '2025-07-31', 'tour': 'kft'}","pga, kft, euro, alt (liv golf)"
2025,"{'course': 'TPC Southwind', 'course_key': '513', 'event_id': 27, 'event_name': 'FedEx St. Jude Championship', 'latitude': 35.057, 'location': 'Memphis, TN', 'longitude': -89.779, 'start_date': '2025-08-07', 'tour': 'pga'}","pga, kft, euro, alt (liv golf)"
2025,"{'course': 'The Club at Indian Creek', 'course_key': '801', 'event_id': 123, 'event_name': 'Pinnacle Bank Championship presented by Woodhouse', 'latitude': 41.295, 'location': 'Elkhorn, NE', 'longitude': -96.23, 'start_date': '2025-08-07', 'tour': 'kft'}","pga, kft, euro, alt (liv golf)"
2025,"{'course': 'Bolingbrook Golf Club', 'course_key': '25', 'event_id': '50', 'event_name': 'Chicago', 'latitude': 41.666, 'location': 'Bolingbrook, IL', 'longitude': -88.149, 'start_date': '2025-08-08', 'tour': 'alt (liv golf)'}","pga, kft, euro, alt (liv golf)"
2025,"{'course': 'Caves Valley Golf Club', 'course_key': '882', 'event_id': 28, 'event_name': 'BMW Championship', 'latitude': 39.452, 'location': 'Owings Mills, MD', 'longitude': -76.744, 'start_date': '2025-08-14', 'tour': 'pga'}","pga, kft, euro, alt (liv golf)"
2025,"{'course': 'Hillcrest Country Club', 'course_key': '027', 'event_id': 27, 'event_name': 'Albertsons Boise Open presented by Chevron', 'latitude': 43.586, 'location': 'Boise, ID', 'longitude': -116.24, 'start_date': '2025-08-14', 'tour': 'kft'}","pga, kft, euro, alt (liv golf)"
2025,"{'course': 'Furesø Golf Klub', 'course_key': 'furesø golf klub', 'event_id': 'TBD', 'event_name': 'Danish Golf Championship', 'latitude': 55.832, 'location': 'Birkerød, Denmark', 'longitude': 12.412, 'start_date': '2025-08-14', 'tour': 'euro'}","pga, kft, euro, alt (liv golf)"
2025,"{'course': 'The Club at Chatham Hills', 'course_key': '31', 'event_id': '51', 'event_name': 'Indianapolis', 'latitude': 40.082, 'location': 'Westfield, IN', 'longitude': -86.139, 'start_date': '2025-08-15', 'tour': 'alt (liv golf)'}","pga, kft, euro, alt (liv golf)"
2025,"{'course': 'The Belfry', 'course_key': 'brabazon course at the belfry', 'event_id': 'TBD', 'event_name': 'Betfred British Masters hosted by Sir Nick Faldo', 'latitude': 52.554, 'location': 'Sutton Coldfield, England', 'longitude': -1.734, 'start_date': '2025-08-21', 'tour': 'euro'}","pga, kft, euro, alt (liv golf)"
2025,"{'course': 'East Lake Golf Club', 'course_key': '933', 'event_id': 60, 'event_name': 'TOUR Championship', 'latitude': 33.743, 'location': 'Atlanta, GA', 'longitude': -84.303, 'start_date': '2025-08-21', 'tour': 'pga'}","pga, kft, euro, alt (liv golf)"
2025,"{'course': 'Crans-sur-Sierre GC', 'course_key': 'crans-sur-sierre gc', 'event_id': 'TBD', 'event_name': 'Omega European Masters', 'latitude': 46.304, 'location': 'Crans-Montana, Switzerland', 'longitude': 7.468, 'start_date': '2025-08-28', 'tour': 'euro'}","pga, kft, euro, alt (liv golf)"
2025,"{'course': 'The K Club', 'course_key': 'k club', 'event_id': 'TBD', 'event_name': 'Amgen Irish Open', 'latitude': 53.307, 'location': 'Straffan, Ireland', 'longitude': -6.625, 'start_date': '2025-09-04', 'tour': 'euro'}","pga, kft, euro, alt (liv golf)"
2025,"{'course': 'Wentworth Club', 'course_key': 'wentworth golf club', 'event_id': 'TBD', 'event_name': 'BMW PGA Championship', 'latitude': 51.397, 'location': 'Virgina Water, Surrey, England', 'longitude': -0.596, 'start_date': '2025-09-11', 'tour': 'euro'}","pga, kft, euro, alt (liv golf)"
2025,"{'course': 'Silverado Resort (North Course)', 'course_key': '926', 'event_id': 464, 'event_name': 'Procore Championship', 'latitude': 38.349, 'location': 'Napa County, CA', 'longitude': -122.264, 'start_date': '2025-09-11', 'tour': 'pga'}","pga, kft, euro, alt (liv golf)"
2025,"{'course': 'Vanderbilt Legends Club', 'course_key': '093', 'event_id': 120, 'event_name': 'Simmons Bank Open for the Snedeker Foundation', 'latitude': 35.95, 'location': 'Franklin, TN', 'longitude': -86.843, 'start_date': '2025-09-11', 'tour': 'kft'}","pga, kft, euro, alt (liv golf)"
2025,"{'course': 'Ohio State University Golf Club - Scarlet Course', 'course_key': '676', 'event_id': 94, 'event_name': ""Nationwide Children's Hospital Championship"", 'latitude': 40.032, 'location': 'Columbus, OH', 'longitude': -83.053, 'start_date': '2025-09-18', 'tour': 'kft'}","pga, kft, euro, alt (liv golf)"
2025,"{'course': 'Golf de Saint-Nom-La-Bretèche', 'course_key': 'golf de saint-nom-la-bretèche', 'event_id': 'TBD', 'event_name': 'FedEx Open de France', 'latitude': 48.852, 'location': 'Saint-Nom-la-Bretèche, France', 'longitude': 2.037, 'start_date': '2025-09-18', 'tour': 'euro'}","pga, kft, euro, alt (liv golf)"
2025,"{'course': 'TBD', 'course_key': '', 'event_id': 468, 'event_name': 'Ryder Cup', 'latitude': '', 'location': '', 'longitude': '', 'start_date': '2025-09-25', 'tour': 'pga'}","pga, kft, euro, alt (liv golf)"
2025,"{'course': 'The Patriot Golf Club', 'course_key': '096', 'event_id': 166, 'event_name': 'Compliance Solutions Championship', 'latitude': 36.239, 'location': 'Owasso, OK', 'longitude': -95.773, 'start_date': '2025-10-02', 'tour': 'kft'}","pga, kft, euro, alt (liv golf)"
2025,"{'course': 'Old Course St. Andrews', 'course_key': 'old course st andrews', 'event_id': 'TBD', 'event_name': 'Alfred Dunhill Links Championship', 'latitude': 56.343, 'location': 'Fife, Scotland', 'longitude': -2.803, 'start_date': '2025-10-02', 'tour': 'euro'}","pga, kft, euro, alt (liv golf)"
2025,"{'course': 'The Country Club of Jackson', 'course_key': '746', 'event_id': 54, 'event_name': 'Sanderson Farms Championship', 'latitude': 32.397, 'location': 'Jackson, MS', 'longitude': -90.098, 'start_date': '2025-10-02', 'tour': 'pga'}","pga, kft, euro, alt (liv golf)"
2025,"{'course': 'Club de Campo Villa de Madrid', 'course_key': 'club de campo villa de madrid', 'event_id': 'TBD', 'event_name': 'acciona Open de España presented by Madrid', 'latitude': 40.452, 'location': 'Madrid, Spain', 'longitude': -3.753, 'start_date': '2025-10-09', 'tour': 'euro'}","pga, kft, euro, alt (liv golf)"
2025,"{'course': 'Yokohama Country Club', 'course_key': '936', 'event_id': 527, 'event_name': 'Baycurrent Classic', 'latitude': 35.446, 'location': 'Yokohama, Kanagawa, Japan', 'longitude': 139.549, 'start_date': '2025-10-09', 'tour': 'pga'}","pga, kft, euro, alt (liv golf)"
2025,"{'course': 'French Lick Golf Resort - Pete Dye Course', 'course_key': '091', 'event_id': 45, 'event_name': 'Korn Ferry Tour Championship presented by United Leasing & Finance', 'latitude': 38.572, 'location': 'French Lick, IN', 'longitude': -86.64, 'start_date': '2025-10-09', 'tour': 'kft'}","pga, kft, euro, alt (liv golf)"
2025,"{'course': 'Black Desert Resort', 'course_key': '930', 'event_id': 554, 'event_name': 'Black Desert Championship', 'latitude': 37.168, 'location': 'Ivins, UT', 'longitude': -113.653, 'start_date': '2025-10-23', 'tour': 'pga'}","pga, kft, euro, alt (liv golf)"
2025,"{'course': 'TBC', 'course_key': 'tbc', 'event_id': 'TBD', 'event_name': 'Genesis Championship', 'latitude': 0.0, 'location': 'Unknown, Earth', 'longitude': 0.0, 'start_date': '2025-10-23', 'tour': 'euro'}","pga, kft, euro, alt (liv golf)"
2025,"{'course': 'Yas Links', 'course_key': 'yas links', 'event_id': 'TBD', 'event_name': 'Abu Dhabi Championship', 'latitude': 24.5, 'location': 'Abu Dhabi, UAE', 'longitude': 54.6, 'start_date': '2025-11-06', 'tour': 'euro'}","pga, kft, euro, alt (liv golf)"
2025,"{'course': 'El Cardonal at Diamante', 'course_key': '919', 'event_id': 457, 'event_name': 'World Wide Technology Championship', 'latitude': 22.901, 'location': 'Cabo San Lucas, Mexico', 'longitude': -109.985, 'start_date': '2025-11-06', 'tour': 'pga'}","pga, kft, euro, alt (liv golf)"
2025,"{'course': 'Jumeirah Golf Estates', 'course_key': 'jumeirah golf estates', 'event_id': 'TBD', 'event_name': 'DP World Tour Championship', 'latitude': 25.014, 'location': 'Dubai, UAE', 'longitude': 55.184, 'start_date': '2025-11-13', 'tour': 'euro'}","pga, kft, euro, alt (liv golf)"
2025,"{'course': 'Port Royal Golf Course', 'course_key': '765', 'event_id': 528, 'event_name': 'Butterfield Bermuda Championship', 'latitude': 32.261, 'location': 'Southampton, Bermuda', 'longitude': -64.874, 'start_date': '2025-11-13', 'tour': 'pga'}","pga, kft, euro, alt (liv golf)"
2025,"{'course': 'Sea Island Golf Club (Seaside Course);Sea Island Golf Club (Plantation Course)', 'course_key': '776;889', 'event_id': 493, 'event_name': 'The RSM Classic', 'latitude': 31.202, 'location': 'Sea Island, GA', 'longitude': -81.332, 'start_date': '2025-11-20', 'tour': 'pga'}","pga, kft, euro, alt (liv golf)"
2025,"{'course': 'Albany GC', 'course_key': '232', 'event_id': 478, 'event_name': 'Hero World Challenge', 'latitude': 25.004, 'location': 'Albany, The Bahamas', 'longitude': -77.509, 'start_date': '2025-12-04', 'tour': 'pga'}","pga, kft, euro, alt (liv golf)"
